data_hora,pauta,tipo_evento,orgao_sigla,situacao
2026-05-06T14:00:00.000Z,"V Seminário Trabalhista do Transporte Rodoviário de Cargas
 Requerimento nº 10/2025, de autoria do Deputado Luiz Gastão

 
Das 14h às 14h30 - Solenidade de Abertura

Convidados para compor a mesa:
Deputado Hugo Mota - Presidente da Câmara dos Deputados
Deputado Max Lemos - Presidente da Comissão de Trabalho
Deputado Luiz Gastão - Autor do requerimento 
Rafaele Rodrigues Mascarenhas Menezes - Coordenadora - Geral de Relações do Trabalho do Ministério do Trabalho e Emprego - MTE
Vander Francisco Costa - Presidente da Confederação Nacional do Transporte - CNT
Eduardo Ferreira Rebuzzi - Presidente da Associação Nacional do Transporte de Cargas e Logística - NTC & Logística
Valdir de Souza Pestana - Presidente da Confederação Nacional dos Trabalhadores em Transportes Terrestres - CNTT

Das 14h30 às 16h30 - 1º Painel
 
Tema: A Inteligência Artificial nos julgamentos e as Provas Digitais 
Presidente da Mesa: Deputado Luiz Gastão - Autor do requerimento
Palestrante 1: Ana Paula Silva Campos Miskulin - Juíza do Trabalho do TRT/15ª Região
Palestrante 2: Otavio Torres Calvet - Juiz do Trabalho do TRT/1ª Região
Palestrante 3: Sérgio Schwartsman - Assessor Jurídico da Federação Nacional da Distribuição de Veículos Automotores - FENABRAVE, e da Federação Nacional dos Concessionários e Distribuidores de Veículos - FENACODIV

Das 16h00 às 18h30 - 2º Painel

Tema: Redução da Jornada de Trabalho 
Presidente da Mesa: Deputado Max Lemos - Presidente da Comissão de Trabalho
Palestrante 1: Deputado Leo Prates - Relator da PEC 221/2019 e da PEC 08/2025
Palestrante 2: Lucas Reis da Silva - Diretor do Sindicato Nacional dos Auditores Fiscais do Trabalho - SINAIT
Palestrante 3:  Alberto Nemer Neto - Advogado
Palestrante 4: Paulo Douglas Almeida Moraes - Procurador do Trabalho -  MPT
Palestrante 5: Narciso Figueirôa Junior - Assessor Jurídico da NTC & Logística
  
18h30 - Encerramento",Seminário,CTRAB,Convocada
2026-05-05T10:00:00.000Z,Comemoração dos 70 anos da indústria automotiva no Brasil,Sessão Não Deliberativa Solene,CN,Convocada
2026-05-06T14:00:00.000Z,"Papel das Ouvidorias no fortalecimento da democracia e combate à desinformação. 
 (REQ 7/2026 CCOM, do deputado Gilson Daniel)

1) CIRO NOGUEIRA (a Confirmar)
   Ouvidor
   Senado Federal

2) GISELLI BALLESTRASSI (a Confirmar)
   Ouvidora-Geral
   Ouvidoria do Estado do Espírito Santo

3) LUCIANA BERTACHINI (a Confirmar)
   Representante
   Associação Brasileira de Ouvidores (ABO)

4) MARÍLIA POLETTI (a Confirmar)
   Presidente
   Sindicato dos Jornalistas Profissionais do Estado do Espírito Santo

5) TANIA MARIA BARBOSA (a Confirmar)
   Representante
   Superintendência Estadual de Comunicação Social do Espírito Santo",Audiência Pública,CCOM,Cancelada
2026-05-05T14:00:00.000Z,"Práticas abusivas de concessionárias de água e esgoto contra hotéis e pousadas 
 REQ 7/2026 CDC Dep. Paulo Pimenta; e
REQ 11/2026 CDC, Dep. Carlos Sampaio

CONVIDADOS

Ricardo Morishita Wada
Secretário Nacional do Consumidor do Ministério da Justiça - Senacon;

Cristiane Collet Battiston  - CONFIRMADO PRESENCIAL
Diretora da Agência Nacional de Águas e Saneamento Básico - ANA;

Cesar Faccioli - CONFIRMADO PRESENCIAL
Diretor de Relações Institucionais da CORSAN -  Aegea Saneamento e Participacoes S.A.;

Lucas Salomón da Silva Fuhr - CONFIRMADO REMOTO
Conselheiro-Presidente Substituto da Agencia Estadual de Regulacao dos Servicos Publicos Delegados do Rio Grande do Sul - Agergs;

Matheus Junges - CONFIRMADO PRESENCIAL
Presidente da Associacao Gaucha dos Consumidores de Agua, Esgoto e Energia;

Ivone Ferraz Teixeira - CONFIRMADA PRESENCIAL
Presidente do Sindicato dos Hotéis, Restaurantes, Bares e Similares do Litoral Norte e Região de Osório/RS - SHRBS-LN,  representando a Confederação Nacional do Comércio de Bens, Serviços e Turismo - CNC

Felipe Cascaes Sabin Bresciani - CONFIRMADO PRESENCIAL
Diretor Jurídico e Legislativo da Associação Brasileira das Empresas de Saneamento ABCON SINDCON",Audiência Pública,CDC,Convocada
2026-05-06T09:00:00.000Z,"XXV Seminário Brasileiro do Transporte Rodoviário de Cargas no Brasil
 (REQ 1/2026 CVT do deputado Gilberto Abramo). 

XXV Seminário Brasileiro do Transporte Rodoviário de Cargas

Mesa de Abertura

. Deputado HUGO MOTTA - Presidente da Câmara dos Deputados (A confirmar)

. Deputado CLÁUDIO CAJADO - Presidente da Comissão de Viação e Transportes (Confirmado)

. Deputado GILBERTO ABRAMO - Autor do Requerimento para realização do XXV Seminário Brasileiro do Transporte Rodoviário de Cargas (Confirmado)

. ANDERSON LESSA - Diretor de Programa da Secretaria Nacional de Transporte Rodoviário e ANDERSON BELLAS, Coordenador-Geral da Secretaria Nacional de Transporte Rodoviário do Ministério dos Transportes (Confirmados)

. VANDER COSTA - Presidente do Sistema Transporte (Confirmado)

. EDUARDO F. REBUZZI - Presidente da Associação Nacional do Transporte de Cargas & Logística - NTC&Logística (Confirmado)

. GUILHERME THEO RODRIGUES DA ROCHA SAMPAIO - Diretor-Geral da ANTT (Confirmado)


1º PAINEL -  10h às 11h 

SEGURO NO TRANSPORTE RODOVIÁRIO DE CARGAS: A APLICAÇÃO DA 14.599/2023 NA PRÁTICA - INSEGURANÇA JURÍDICA, CONFLITOS INTERPRETATIVOS E SEUS REFLEXOS PARA OS TRANSPORTADORES.

Presidente da Mesa:
. Deputado CLÁUDIO CAJADO - Presidente da Comissão de Viação e Transportes (Confirmado)

Coordenador:
. EDUARDO F. REBUZZI - Presidente da NTC&Logística (Confirmado);

Palestrantes Convidados:

. MARCOS SIQUEIRA-  Presidente da Comissão de Transportes da FenSeg - FenSeg;(Confirmado)

. MARCOS AURÉLIO RIBEIRO -  Diretor Jurídico da NTC&Logística; (Confirmado)

. JOSÉ AIRES AMARAL FILHO -  Superintendente de Serviços de Transporte Rodoviário e Multimodal de Cargas - ANTT (Confirmado)


2º PAINEL - 11h às 12h

LEI DO PISO MÍNIMO DE FRETE 13.703/2018:
ENTRE A REGULAÇÃO E A REALIDADE DO TRC - ANÁLISE DAS DISTORÇÕES INTERPRETATIVAS, ENTRAVES JURÍDICOS E SEUS REFLEXOS NO MERCADO.

Presidente da Mesa
. Deputado CLÁUDIO CAJADO - Presidente da Comissão de Viação e Transportes (Confirmado)

Coordenador:
. EDUARDO F. REBUZZI - Presidente da NTC&Logística

Palestrantes Convidados:

. GUILHERME THEO RODRIGUES DA ROCHA SAMPAIO - Diretor-Geral da ANTT

. LUÍS HENRIQUE TEIXEIRA BALDEZ - Presidente da Associação Nacional dos Usuários do Transporte de Cargas - ANUT (Confirmado)

. PAULA BOGOSSIAN - Analista de Políticas e Indústria da Confederação Nacional da Indústria - CNI (Confirmada)

. RODRIGO DE OLIVEIRA KAUFMANN -  Consultor Jurídico da Confederação Nacional da Agricultura e Pecuária do Brasil - CNA (Confirmado)

. JOSÉ AIRES AMARAL FILHO -  Superintendente de Serviços de Transporte Rodoviário e Multimodal de Cargas - ANTT (Confirmado)

. JOSÉ ROBERTO TADROS -  Presidente da Confederação Nacional do Comércio de Bens, Serviços e Turismo - CNC (A confirmar)


12h - ENCERRAMENTO",Seminário,CVT,Convocada
2026-05-05T09:00:00.000Z,"Homenagem ao Dia Internacional do Trabalho
 Homenagem ao Dia Internacional do Trabalho",Sessão Não Deliberativa Solene,PLEN,Convocada
2026-05-12T09:00:00.000Z,"Homenagem aos Bois do Festival Folclórico de Parintins, Município do Estado do Amazonas
 Homenagem aos Bois do Festival Folclórico de Parintins, Município do Estado do Amazonas",Sessão Não Deliberativa Solene,PLEN,Agendada
2026-05-12T11:00:00.000Z,"Homenagem aos 341 anos de existência da Irmandade de Nossa Senhora do Rosário dos Homens Pretos
 Homenagem aos 341 anos de existência da Irmandade de Nossa Senhora do Rosário dos Homens Pretos",Sessão Não Deliberativa Solene,PLEN,Agendada
2026-05-06T16:30:00.000Z,Apresentação do relatório final,Reunião,SUBALFA,Convocada
2026-05-07T10:00:00.000Z,Apresentação do relatório final,Reunião,SUBCLIMA,Cancelada
2026-05-06T10:00:00.000Z,Discussão e votação de propostas legislativas.,Reunião Deliberativa,CFFC,Convocada
2026-05-11T10:00:00.000Z,"Homenagem aos 217 anos da Polícia Militar do Distrito Federal - PMDF
 Homenagem aos 217 anos da Polícia Militar do Distrito Federal - PMDF",Sessão Não Deliberativa Solene,PLEN,Agendada
2026-05-06T10:00:00.000Z,Homenagem aos 200 anos da Câmara dos Deputados,Sessão Não Deliberativa Solene,PLEN,Agendada
2026-05-12T16:00:00.000Z,"Impacto da regulação da proteção patrimonial mutualista no transporte de carga
 (REQ 39/2026 CVT, da deputada Rosana Valle, subscrito pela deputada Greyce Elias)

Convidados:

. SEBASTIÃO CAMARGOS DUTRA FILHO - Conselheiro da Liga Independente do Transporte. 

. LUIS FERNANDO AUGUSTO - Advogado e Diretor Jurídico da FAN - Força Associativa Nacional. 

. HENRIQUE MULATI DE FARIA - Presidente da Federação Liga Independente do Transporte. (confirmado)

. FRANCIELI PERUZZO - Representante das Associações Regionais de Caminhoneiros. 

. ROBSON LUÍS DA SILVA JÚNIOR - Transportador Autônomo e Conselheiro da Liga Independente.

. LUIZ CARLOS NEVES - Presidente da FENACAT;

. ALESSANDRO SERAFIN OCTAVIANI LUIS - Superintendente da SUSEP

. CARLOS ROBERTO ALVES DE QUEIROZ - Diretor de Supervisão Prudencial e de Resseguros - SUSEP.",Audiência Pública,CVT,Convocada
2026-05-06T14:00:00.000Z,Estágio-Visita,Reunião Técnica,EVENTOS,Convocada
2026-05-05T14:00:00.000Z,"Discussão e votação de propostas legislativas e audiência pública sobre os impactos do uso do mercúrio
 REQ nº 6/2026, de autoria da Deputada Dilvanda Faro.

Convidados:

ANDRÉ LUIZ PORRECA FERREIRA CUNHA - presença confirmada
Procuradoria da República no Estado do Amazonas - Ministério Público Federal - MPF

EDUARDO SIDNEY SERRA FILHO - presença confirmada
GT ""Trabalho Decente na Mineração"" e Fórum Paraense de Combate aos Impactos da Contaminação Mercurial na Bacia do Tapajós - Ministério Público do Trabalho - MPT

PAULO CESAR BASTA - presença confirmada
Fundação Oswaldo Cruz - Fiocruz

DINAMAN TUXÁ  - presença confirmada
Articulação dos Povos Indígenas do Brasil - APIB

MAIAL PAIAKAN KAIAPÓ
Aliança em Defesa dos Territórios

DÉCIO YOKOTA - presença confirmada
Instituto de Pesquisa e Formação Indígena - IEPÉ

RODRIGO AGRA BALBUENO - presença confirmada
WWF Brasil

ESTÊVÃO BENFICA SENRA  - presença confirmada
Instituto Socioambiental - ISA

MARCEL GOMES - presença confirmada
Repórter Brasil",Audiência Pública e Deliberação,CPOVOS,Convocada
2026-05-05T14:00:00.000Z,"Projeto de Lei nº 1.559, de 2021, que dispõe sobre o piso salarial do profissional farmacêutico 
 Convidados:

1) Walter da Silva Jorge João, Presidente do Conselho Federal de Farmácia - CFF (confirmado)

2) Fábio Basílio, Presidente da Federação Nacional dos Farmacêuticos - Fenafar (confirmado)

3) Sergio Barreto, Associação Brasileira de Redes de Farmácias e Drogarias - Abrafarma (confirmado)

4) Marcelo Fernandes de Queiroz, Coordenador da Câmara Brasileira de Produtos Farmacêuticos da Confederação Nacional do Comércio - CNC (confirmado)

5) Midya Souza, Analista técnica em saúde da Confederação Nacional dos Municípios - CNM (confirmada)

6) Rafael Oliveira Espinhel, Presidente  da Associação Brasileira do Comércio Farmacêutico - ABCFarma (confirmado)

7) Associação Nacional de Farmacêuticos Magistrais - Anfarmag

8) Livia Angeli Silva, Coordenadora-Geral de Políticas Remuneratórias e Planejamento da Força de Trabalho na Saúde do Ministério da Saúde (confirmada)


(REQ 6/2026 CFT, do deputado Hildo Rocha; REQ 7/2026 CFT, da deputada Laura Carneiro)",Audiência Pública,CFT,Convocada
2026-05-05T10:00:00.000Z,"20 anos da Política Nacional de Práticas Integrativas e Complementares em Saúde (PICS) no SUS
 REQ. 14/2026 CSAUDE, do Deputado Giovani Cherini (PL/RS)

Convidados confirmados:

- Jordana Tres dos Santos (participação presencial)
Bióloga, especialista em Acupuntura e Fitoterapia, Mestre em Qualidade Ambiental;

- Nadia Regina Gindri Mileto (participação virtual)
Psicóloga, especialista em Saúde Pública, Humanização do Sus, Saúde Mental, Promotora das Práticas Integrativas e Educação Popular em Saúde;

- Marta Helena Chielle Roani (participação virtual)
Graduada e pós graduada em Naturopatia Clínica e Científica pela Escola Superior de Ciências Tradicionais e Ambientais (ESCAM) e pela Faculdade Montenegro Ibicaraí/BA;

- Marcello Mascarenhas (participação virtual)
Farmacêutico Bioquímico Integrativo. PhD em Psiquiatria, Doutor em Ciências Cardiovasculares e Cardiologia (UFRGS) e Mestre Bioquímica  (UFRGS);

- Ricardo Monezi (participação virtual)
Pós-doutorado e doutorado pela Universidade Federal de São Paulo. Coordenador das Práticas Integrativas e Complementares em Oncologia do A.C.Camargo Cancer Center - São Paulo;

- Taitiane Teixeira (participação virtual)
Fisioterapeuta , com pós-graduação em acupuntura pela Associação Brasileira de Acupuntura e especialista em diversas terapias integrativas e complementares. Responsável técnica pela execução das Práticas Integrativas e Complementares no município de Vale Verde (RS) pelo SUS;

- Talita Pavarini Borges de Souza (participação virtual)
Coordenadora da Câmara Técnica dePráticas Integrativas e Complementares em Saúde -
CTPICS, do Conselho Federal de Enfermagem;

- Angela Fernandes Leal da Silva (participação presencial)
Diretora do Departamento de Promoção da Saúde do Ministério da Saúde.",Audiência Pública,CSAUDE,Convocada
2026-05-06T08:30:00.000Z,"Princípios e diretrizes para regulação de plataformas digitais 
 (REQ 11/2026 CDE, do deputado Jadyel Alencar)

Programação do evento: 

 Abertura
 
 1) Deputado Jadyel Alencar, Presidente da Comissão de Desenvolvimento Econômico -CDE; 

 2) Senador Alessandro Vieira;

 3) Sr. Demi Getschko, Presidente do Núcleo de Informação e Coordenação do Ponto BR - NIC.br; 

 4) Sra.Renata Mielli, Coordenadora do Comitê Gestor da Internet no Brasil - CGI.br. 


Painel I: Princípios e diretrizes para a regulação econômica e concorrencial de redes sociais

  Moderador: Henrique Faulhaber, Conselheiro CGI.br

Painelistas: 

 1) Camila Leite, Pesquisadora da Universidade de São Paulo (USP); 

 2) Carla Rodrigues,  Coordenadora da Data Privacy; 

 3) Sérgio Alves, Gerente de Políticas Públicas da Associação Latino-Americana de Internet - ALAI; 

 4) Ana Maria Melo, Secretária-Adjunta de Reformas Econômicas do Ministério da Fazenda - MF

 5) Deputado Aliel Machado, Relator do PL nº. 4.675/2025. 


Painel II: Princípios e diretrizes para regulação de redes sociais: abordagem baseada em direitos

  Moderador: Rafael Evangelista, Conselheiro CGI.br. 

Painelistas: 

 1) Bia Barbosa, Coordenadora de Incidência da América Latina do Reporter Sem-Fronteiras; 

 2) Rodolfo Salema , Diretor de Assuntos Legais e Regulatórios da Abert; 

 3) Laura Schertel, Diretora de Pós-Gradução e Pesquisa  do Instituto Brasileiro de Ensino, Desenvolvimento e Pesquisa - IDP; 

 4) Victor Fernandes, Secretário Nacional de Direitos Digitais, do Ministério da Justiça e Segurança Pública - MJSP; 

 5) Deputada Any Ortiz, Relatora do PL nº. 2.768/2020 sobre Mercados Digitais.",Outro Evento,CDE,Cancelada
2026-05-06T16:00:00.000Z,"Debate sobre os fatores estruturais que impactam a economia brasileira (Custo Brasil)
 (REQ 5/2026 CDE, da deputada Adriana Ventura)


1) CARLOS COSTA (Confirmado - vídeoconferência)
   Economista

2) FÁBIO AUGUSTO PINA (Confirmado)
   Gestor de Assessoria Econômica
   Fecomércio - SP

3) LUIZ RAMOS (Confirmado - vídeoconferência)
   Presidente
  Sindicato Nacional de Comissárias de Despachos, Agentes Transitários e Intermediários de Carga,   Logística e Fretes em Comércio Internacional - SINDICOMIS NACIONAL 

4) ROBERTO ORDINE (Confirmado)
   Presidente da Associação Comercial de São Paulo e Representante da 
   Confederação das Associações Comerciais e Empresariais do Brasil - CACB

5) RENATO CORONA (Confirmado)
   Superintendente do Departamento de Competitividade e Tecnologia
   Centro das Indústrias do Estado de São Paulo - CIESP
   Federação das Indústrias do Estado de São Paulo - FIESP",Audiência Pública,CDE,Convocada
2026-05-11T10:00:00.000Z,Homenagem aos 80 anos de instituição do CFC,Sessão Não Deliberativa Solene,CN,Convocada
2026-05-06T16:00:00.000Z,"Eficiência econômica e fiscal, impacto social das subvenções e incentivos ao setor de combustíveis no rol das Medidas Provisórias nº 1340, 1343 e 1349 de 2026 e decretos presidenciais correlatos. 
 TEMA: ""Eficiência econômica e fiscal, impacto social das subvenções e incentivos ao setor de combustíveis no rol das Medidas Provisórias nº 1340, 1343 e 1349 de 2026 e decretos presidenciais correlatos""

Em antendimento ao Requerimento 30/2026 de autoria dos Deputados Junio Amaral,  Rodrigo da Zaeli e  Lafayette de Andrada.

Participantes:

1. Representante do Ministério de Minas e Energia (MME);

2. Representante do Ministério da Fazenda;
 
3.  Daniel Maia Vieira, Diretor da Agência Nacional do Petróleo, Gás Natural e Biocombustíveis (ANP) (CONFIRMADO);

4. Sérgio Araujo, Presidente Executivo da Associação Brasileira dos Importadores de Combustíveis - ABICOM;

5. Representante do Instituto Brasileiro de Petróleo e Gás (IBP);

6. Representante do Instituto Livre Mercado (ILM);

7. Sergio Bandeira de Mello, Presidente do Sindicato Nacional das Empresas Distribuidoras de Gás Liquefeito de Petróleo (SindiGas) (CONFIRMADO);

8. Especialista em distribuição de combustíveis;

9. André Pereira Tokarski, pesquisador do Instituto de Estudos Estratégicos de Petróleo, Gás Natural e Biocombustíveis (INEEP) (CONFIRMADO);

10. Deyvid Bacelar, Especialista em Petróleo, Gás e Energia da Federação Única dos Petroleiros (FUP) (CONFIRMADO);

11. Carlos Germano da Silva Ferreira Junior, Diretor Jurídico de Compliance e Assuntos Regulatórios da Associação das Distirbuidoras de Combustíveis (BRASILCOM) (CONFIRMADO).",Audiência Pública,CME,Cancelada
2026-05-05T08:30:00.000Z,Estágio-Visita,Reunião Técnica,EVENTOS,Convocada
2026-05-07T08:30:00.000Z,Estágio-Visita,Reunião Técnica,EVENTOS,Convocada
2026-05-07T08:30:00.000Z,Estágio-Visita,Reunião Técnica,EVENTOS,Convocada
2026-05-05T15:00:00.000Z,"Promulgação da Emenda Constitucional nº 139, de 2026",Sessão Não Deliberativa Solene,CN,Convocada
2026-05-05T16:00:00.000Z,"Privatização da defesa agropecuária e os riscos à saude pública
 (REQ 5/2026 CASP, da Deputada Sâmia Bomfim)

1) ANDRÉ GUARAGNA MARCONDES (Confirmado)
   Secretário Geral
   Sindicado Nacional dos Auditores Fiscais Federais Agropecuários - ANFFA Sindical

2) CARLA LETIERI (Confirmada)
   Diretora Executiva
   Animal Equality

3) CLAUDIO PIRES FERREIRA (Confirmado)
   Presidente
   Fórum Nacional das Entidades Civis em Defesa do Consumidor - FNECDC

4) CLEBER OLIVEIRA SOARES (a Confirmar)
   Secretário-Executivo
   Ministério de Agricultura e Pecuária - MAPA

5) FABIO ALEXANDRE ROSA RODRIGUES (a Confirmar)
   Secretário-Executivo Adjunto
   Ministério da Agricultura e Pecuária - MAPA

6) LUIZ ALBERTO DOS SANTOS (Confirmado - Virtual)
   Consultor Legislativo da Diálogo Institucional Assessoria  e Análises de Políticas Públicas",Audiência Pública,CASP,Convocada
2026-05-08T08:00:00.000Z,3º Encontro Cidades Verdes Resilientes,Reunião Técnica,EVENTOS,Convocada
2026-05-08T08:00:00.000Z,3º Encontro Cidades Verdes Resilientes,Reunião Técnica,EVENTOS,Convocada
2026-05-08T08:00:00.000Z,3º Encontro Cidades Verdes Resilientes,Reunião Técnica,EVENTOS,Convocada
2026-05-08T08:00:00.000Z,3º Encontro Cidades Verdes Resilientes,Reunião Técnica,EVENTOS,Convocada
2026-05-08T08:00:00.000Z,3º Encontro Cidades Verdes Resilientes,Reunião Técnica,EVENTOS,Convocada
2026-05-08T08:00:00.000Z,3º Encontro Cidades Verdes Resilientes,Reunião Técnica,EVENTOS,Convocada
2026-05-06T16:00:00.000Z,"Fatores estruturais que impactam a competitividade da economia brasileira
 (REQ 5/2026 CDE, da deputada Adriana Ventura)


Convidados:

1)  (a Confirmar)
   Centro das Indústrias do Estado de São Paulo - CIESP

2)  (a Confirmar)
   Distrito de Inovação de São Paulo

3)  (a Confirmar)
   Federação das Indústrias do Estado de São Paulo - FIESP

4)  (a Confirmar)
   Federação do Comércio de Bens, Serviços e Turismo do Estado de São Paulo - FECOMERCIO-SP

5)  (a Confirmar)
   Instituto Brasileiro de Planejamento e Tributação - IBPT

6) MARCOS DE BARROS LISBOA (a Confirmar)
   Economista",Audiência Pública,CDE,Cancelada
2026-05-05T09:30:00.000Z,"O papel das ouvidorias no fortalecimento da Defesa Civil e no desenvolvimento regional: transparência e escuta ativa em situações de calamidade
 Requerimento nº 5/2026, do Deputado Gilson Daniel (PODE-ES)

Convidados:

CORONEL ALEXANDRE CERQUEIRA (presença confirmada - remota)
Comandante-Geral do Corpo de Bombeiros Militar do Espírito Santo (CBMES/ES)

TENENTE-CORONEL BM MARCELINO (presença confirmada - remota)
Coordenador Estadual Adjunto de Defesa Civil de Minas Gerais (Cedec/MG)

CORONEL WASHINGTON LUIZ JÚNIOR
Presidente do Conselho dos Bombeiros Nacional (LIGABOM)

EDSON LUIZ VISMONA (presença confirmada - remota)
Presidente do Conselho Deliberativo da Associação Brasileira de Ouvidores (ABO)

Não comparecerão: 

Giselli Ballestrassi
Ouvidora-Geral do Estado do Espírito Santo (Representando as ouvidorias estaduais da região) e
Sebastião Carlos Ranna
Conselheiro Ouvidor do Tribunal de Contas do Espírito Santo (TCE/ES)",Audiência Pública,CINDRE,Convocada
2026-05-11T15:00:00.000Z,"Homenagem aos 40 anos da Associação Brasileira de Assistência às Famílias de Crianças Portadoras de Câncer e Hemopatias - ABRACE
 Homenagem aos 40 anos da Associação Brasileira de Assistência às Famílias de Crianças Portadoras de Câncer e Hemopatias - ABRACE",Sessão Não Deliberativa Solene,PLEN,Agendada
2026-05-06T14:00:00.000Z,"Aperfeiçoamento da legislação relativa ao Fundo Geral de Turismo - FUNGETUR.
 (REQ 8/2026 CTUR, da deputada Daniela Reinehr)

Convidados (a confirmar):

1) Representante do Ministério do Turismo;

2) Representante da Confederação Nacional do Comércio de Bens, Serviços e Turismo - CNC;

3) Sr. Otavio Leite, ex-Deputado Federal e Relator do Projeto de Lei do Fungetur (confirmado).",Audiência Pública,CTUR,Cancelada
2026-05-06T14:00:00.000Z,"A regulamentação e as condições de circulação de veículos de mobilidade elétrica leve, autopropelidos, bicicletas elétricas e ciclomotores, e suas implicações para a segurança viária
 A - Audiência Pública 

Tema: A regulamentação e as condições de circulação de veículos de mobilidade elétrica leve, autopropelidos, bicicletas elétricas e ciclomotores, e suas implicações para a segurança viária

LORENA FREITAS, Representante do Instituto de Políticas de Transporte e Desenvolvimento Brasil - ITDP  (Confirmada)

VIVIAN GARELLI, Diretora Presidenta da União de Ciclistas do Brasil (UCB) (a confirmar)

RAPHAEL PAZOS, Fundador da Comissão de Segurança no Ciclismo do Rio de Janeiro (CSC-RJ) (Confirmado)

LETICIA SABINO, Diretora Presidente do Instituto Caminhabilidade (Confirmada)

FELIPE ALVES, Diretor da Zona 30 Consultoria em Mobilidade Humana (a confirmar)

ARIADNE SAMIOS, Coordenadora de Mobilidade Ativa na WRI Brasi. (Confirmada)

Representante do Fórum Nacional de Secretários e Dirigentes de Trânsito e Mobilidade Urbana (a confirmar)

YGOR VALENÇA, Presidente da FENEAUTO  (Confirmado)

JOSÉ ROBERTO TADROS, Presidente da Confederação Nacional do Comércio de Bens, Serviços e Turismo - CNC (a confirmar)

MARLON MARCÍLIO, Diretor da Associação Brasileira de Veículos Elétricos - ABVE (Confirmado)

ELIAZER DO REGO BARROS, Representante do Movimento Autopropelidos Unidos do Rio de Janeiro (Confirmado)

WALLACE LANDIM, Presidente da Associação de Veículos Automotores - ABRAVA (Confirmado)

(Requerimento 25/26, do Dep. Aureo Ribeiro)

B- Deliberação de Requerimentos (estão sujeitos a pauta os requerimentos apresentados até 24h antes do início da reunião)",Audiência Pública e Deliberação,PL808514,Convocada
2026-05-07T14:00:00.000Z,"Alterações no Código de Trânsito Brasileiro  
 SEMINÁRIO ESTADUAL DO RIO DE JANEIRO
Tema: Alterações no Código de Trânsito Brasileiro  
Data:  07 de maio de 2026
Hora: 14h
Local: Assembleia Legislativa do Estado do  Rio de Janeiro

ABERTURA 

CORONEL MEIRA -  DEPUTADO FEDERAL E PRESIDENTE DA COMISSÃO ESPECIAL 
AUREO RIBEIRO - RELATOR DA COMISSÃO ESPEICAL E COORDENADOR DO SEMINÁRIO

CONVIDADOS:
*Sujeito a alterações

RODRIGO DIAS COELHO, Presidente do Departamento de Trânsito do Estado do Rio de Janeiro DETRAN-RJ;

VITOR ALMADA DA COSTA, Superintendente da Polícia Rodoviária Federal do Rio de Janeiro - PRF

Representante do Conselho Nacional de Trânsito -  CONTRAN;

JOÃO OLIVEIRA SOUSA, Presidente da Comissão de Direito do Trânsito da Ordem dos Advogados do Brasil Rio de Janeiro  - OAB/RJ 

CEL. LEONARDO RIBEIRO DE OLIVEIRA, Comandante do Comando de Policiamento de Trânsito - CPTran da Polícia Militar do Estado do Rio de Janeiro; 

JORGE DIAS, Presidente do Conselho da Federação das Empresas de Transportes de Passageiros do Estado do Rio de Janeiro (FETRANSPOR);

Especialista em Mobilidade Urbana da (Instituto Alberto Luiz Coimbra de Pós-Graduação e Pesquisa de Engenharia COPPE/UFRJ;

YGOR VALENÇA, Presidente da Federação Nacional das Autoescolas - FENEAUTO

EGAS CAPARELLI MONIZ DE ARAGÃO DÁQUERA, Representante do Rio de Janeiro da Associação Brasileira de Medicina do Tráfego -ABRAMET 

LENI DE CADTRO BORGES, Diretora Executiva da Uniao de Clinicas de Transito do Estado do Rio de Janeiro - UCTRERJ

JOÃO PAULO PEREZ DOS ANJOS, Advogado especialista em direto de Trânsito e  tributário - departamento Jurídico da associação do bem comum do Brasil e UCTRERJ

ADRIANE BEATRIZ SILVA, Federação Nacional dos Servidores de Detrans - FETRAN

CAROLINA MARINO DA SILVA, Presidente do Instituto Nacional Mulheres Pelo Trânsito

FERNANDO DINIZ, Presidente da ONG Trânsito Amigo

PAULO CÉSAR GOMES DE CASTRO, Representantes dos Instrutores Autônomos da Associação Nacional dos Instrutores de Trânsito (ANIT), 


ENCERRAMENTO 

Requerimento 28/26 (Dep .Aureo Ribeiro)",Seminário,PL808514,Convocada
2026-05-05T10:00:00.000Z,"Debater 
o Plano de Carreira, Cargos e 
Salários do Hospital das Forças
 Armadas: panorama atual e
perspectivas de recomposição
 Req. 14/2026 - Dep. Reginaldo Veras

1) ADRIANA MARIA DA CONCEIÇÃO (a Confirmar)
   Representante
   Sindicato dos Servidores Públicos Federais no Df - SINDSEP-DF

2) ESTHER DWECK (a Confirmar)
   Ministra
   Ministério de Gestão e Inovação

3) EVANDRO FRANCISCO FAULIN (Confirmado)
   Especialista
   Hospital das Força Armadas - HFA

4) FÁBIO FELIPE SILVA (a Confirmar)
   Chefe da Divisão de Recursos Humanos
   Hospital das Força Armadas - HFA

5) HUGO JOSÉ BASTOS PINHEIRO (Confirmado)
   Técnico em Atividades Hospitalares
   Hospital das Força Armadas - HFA

6) PAULO VICTOR LUSTOSA MOREIRA DO NASCIMENTO (Confirmado)
   Chefe da Subdivisão de Pessoal Civil
   Hospital das Força Armadas - HFA",Audiência Pública,CASP,Convocada
2026-05-08T14:00:00.000Z,"Seminário Guajará-Mirim: construção da Ponte Binacional Brasil-Bolívia
 Requerimento nº 2/2026, do Deputado Coronel Chrisóstomo (PL-RO)

Convidados:

1.Representante do Ministério do Transporte

2. HORÁCIO VILLEGAS PARDO
Embaixador da Bolívia no Brasil

3. FABRÍCIO GALVÃO
Diretor-Geral do Departamento Nacional de Infraestrutura de Transporte (DNIT)

4. ALEX REDANO
Presidente da Assembleia Legislativa do Estado de Rondônia (ALE/RO)

5. FABIO GARCIA DE OLIVEIRA (NETINHO) - presença confirmada
Prefeito Municipal de Guajará-Mirim/RO

6. MARCÉLIO BRASILEIRO
Prefeito Municipal de Nova Mamoré/RO

7. ELIEL SILVINO
Presidente das Câmara Municipal de Guajará-Mirim/RO

8. ADALTO FERREIRA
Presidente das Câmara Municipal de Nova Mamoré/RO

9. RANIERY COELHO
Presidente da Federação do Comércio de Bens, Serviços e Turismo de Rondônia (Fecomércio/RO)

10. KELLY NAAHMARA JORGE
Presidente da Federação das Associações Comerciais e Empresariais de Rondônia (FACER)

11. CLEYDER AUGUSTO BONDAN RAZZINI
Gerente de contrato do Consórcio Mamoré-RO 

Não comparecerá: 

MARCELO THOMÉ
Presidente da Federação das Indústrias do Estado de Rondônia (FIERO)",Seminário,CINDRE,Convocada
2026-05-07T09:00:00.000Z,"Redução da jornada 6x1: impactos sobre as mulheres trabalhadoras
 Participantes convidadas:

SIMONE SANTIAGO
Secretária de Estado da Mulher do Acre (Confrimada)

MARIA CLENILDA MOURA XAVIER
Representante da Superintendência Regional do Trabalho e Emprego no Acre - SRTE/AC

MARIELLE RISSANNE GUERRA VIANA
Procuradora do Trabalho no Acre

JULLIANA MARQUES
Defensora Pública Geral do Estado do Acre

NEUDA MUNIZ GOMES
Secretária-Executiva do Conselho Estadual dos Direitos da Mulher - CEDIM/AC  (Confirmada)

FRANCELINA BARREIROS AMARAL GURGEL
Vice-Presidente da Diretoria Executiva da Federação do Comércio de Bens, Serviços e Turismo do Estado do Acre - Fecomércio/AC

LEIDE AQUINO
Coordenadora do Fórum de Mulheres do Alto Acre

ALMERINDA CUNHA
Coordenadora da Associação de Mulheres Negras do Acre

Requerimento nº 17/2026, da deputada Socorro Neri",Seminário,CMULHER,Convocada
2026-05-05T10:30:00.000Z,"Restrição de publicidade para as bebidas alcoólicas
 Requerimento n. 36/2026

Autora: Dep. Erika Kokay

Convidados:

Marta Rodriguez de Assis Machado - Secretária Nacional de Políticas sobre Drogas e Gestão de Ativos do Ministério da Saúde 


Letícia de Oliveira Cardoso - Diretora do Departamento de Análise Epidemiológica e Vigilância de Doenças Não Transmissíveis do Ministério da Saúde

 
Laura Cury - Coordenadora do projeto do álcool da ACT Promoção da Saúde


Luciana Sardinha - Gerente de DCNT da Vital Strategies 

 
Vera Luiza da Costa e Silva - Secretária Executiva da Comissão Nacional para Implementação da Convenção-Quadro sobre Controle do Uso do Tabaco (Conicq)


Socorro Gross Cristian Morales - representante da OPAS no Brasil 
geral@paho.org; comunicacao@paho.org  | 61 3251-9595

Grazi Santoro - Presidente da Associação Alcoolismo Feminino
grazi.santoro@associacaoaf.org | 21 99752-8620",Audiência Pública,CDHMIR,Convocada
2026-05-05T13:00:00.000Z,Discussão e votação de propostas legislativas,Reunião Deliberativa,CPD,Convocada
2026-05-05T15:00:00.000Z,Discussão e votação de propostas legislativas,Reunião Deliberativa,CICS,Convocada
2026-05-07T10:00:00.000Z,"A diálise peritonial no SUS
 REQ. 59/2026 CSAUDE dos(s) Deputados(as) Silvia Cristina e Geraldo Resende

Convidados(as) confirmados(as):

- Sr. Farid Samaan 
Médico nefrologista;

Convidados(as) a confirmar:

- Representante do Ministério da Saúde

- Representante TCU - Tribunal de Contas da União

- Sr. José Moura Neto 
Presidente da Sociedade Brasileira de Nefrologia - SBN

- Representante da FENAPAR - Federação Nacional das Associações de
Pacientes Renais e Transplantados do Brasil - FENAPAR; 

- Sr. Lúcio Requião 
Médico nefrologista;",Audiência Pública,CSAUDE,Convocada
2026-05-05T10:00:00.000Z,"Avanços e desafios na implementação da Lei nº 10.436/2002 (Lei da Libras), em alusão ao Dia Nacional da Libras
 Convidados:

.  ADENILSON IDALINO DE SOUSA, Diretor do Departamento de Políticas para a Pessoa com Deficiência do Ministério dos Direitos Humanos e da Cidadania - MDHC;

.  VALDO RIBEIRO RESENDE DA NOBREGA, do Ministério da Cultura; e PATRÍCIA LUZIA FERREIRA REZENDE, do Ministério da Educação; ambos Conselheiros Titulares do Conselho Nacional dos Direitos da Pessoa com Deficiência - CONADE; (Confirmados)

.  HELOISA SALLES, professora da Universidade de Brasília - UnB, especialista em Linguística; (Confirmada)

.  RODRIGO ROSSO MARQUES, Chefe do Departamento de Libras da Universidade Federal de Santa Catarina - UFSC; (Confirmado)

.  SIMONE ROCHA, representante de Movimentos CODA - ""Children of Deaf Adults""; docente da Universidade de Uberaba - UNIUBE; e tradutora intérprete do par linguístico libras/português; (Confirmada)

.  LENILDO LIMA DE SOUZA, presidente da Federação Brasileira das Associações dos Profissionais Tradutores e Intérpretes e Guia-Intérpretes de Língua de Sinais - FEBRAPILS; (Confirmado)

.  ANTONIO CAMPOS DE ABREU, presidente da Federação Nacional de Educação e Integração dos Surdos - FENEIS; (Confirmado)

.  SHIRLEY VILHALVA, indígena Surda, escritora, professora e pesquisadora da Universidade Federal de Mato Grosso do Sul - UFMS; (Confirmada)

.  GLÁUCIO CASTRO JÚNIOR, professor Surdo e coordenador do Núcleo de Ensino de Libras (UnBLibras) da Universidade de Brasília - UnB; (Confirmado)

.  ISRAEL FERREIRA SOUSA, professor Surdo e mestrando em Linguística pela Universidade de Brasília - UnB. (Confirmado)


Em atendimento ao Requerimento nº 20/2026-CPD, de autoria do Deputado Rodrigo Rollemberg.",Seminário,CPD,Convocada
2026-05-12T14:00:00.000Z,"Aprimoramento do novo modelo de tributação sobre o consumo
 Convidados:

1. Juscelino Brito, Presidente da Câmara de Dirigentes Lojistas (CDL) de Feira de Santana (confirmado)

2. Glicio Riccardo Pires Oliveira, consultor empresarial da CDL



3. Antoine Youssef Tawil, presidente da Federação das Câmaras de Dirigentes Lojistas do Estado da Bahia (FCDL-BA)

4. Luis Henrique Mercês dos Santos, Vice Presidente da CDL de Feira de Santana

5. Haroldo Ferreira, presidente da Abicalçados (Associação Brasileira da Indústria de Calçados)



6. Pedro Bartelle, Diretor Presidente da Vulcabrás 

7. Ricardo Chaves Alves, presidente da ABERC (Associação Baiana de Representantes Comerciais)

8 Gleiser Sathler de Souza Penna, representante do setor de Óticas",Audiência Pública,CFT,Convocada
2026-05-05T10:00:00.000Z,"Debater temas envolvendo os Colecionadores, Atiradores Desportivos e Caçadores (CACs).  
 Requerimento nº 90/2026 de autoria do Deputado Federal Rodrigo da Zaeli - PL/MT
Requer a realização de Audiência Pública para discutir temas envolvendo os Colecionadores, Atiradores Desportivos e Caçadores (CACs).


CONVIDADOS:


MARCOS POLLON (confirmado)
Deputado Federal (PL/MT) e Representante do Pro Armas Brasil.

Cel PTTC PAULO TEIXEIRA JUNIOR (confirmado)
Representando a Diretoria de Fiscalização de Produtos Controlados do Exército Brasileiro - DFPC

WELLINGTON CLAY PORCINO SILVA, Delegado de Polícia Federal (confirmado)
Coordenador-Geral de Controle de Armas de Fogo - CGARM/DPA/PF

JOSÉ LUIZ DE SANCTS (confirmado)
Presidente da  Associação Nacional de Atiradores Esportivos, Caçadores e Colecionadores - ANACAC;

MARCELO BARAZAL - (Dr. BERETTA) (confirmado)
Advogado Especialista na Legislação Armamentista e de Porte Federal de Armas de Fogo;

MARCELO DANFENBACK  (confirmado)
Presidente da Liga Nacional de Atiradores Desportivos - LINADE;

MARDQUEU SILVIO FRANÇA FILHO (SAMURAI CAÇADOR)  (confirmado)
Advogado

Representante do Ministério da Justiça e Segurança Pública;

Coronel SANTANA
Coronel da PMDF e dono de Clube de Tiro;",Audiência Pública,CSPCCO,Convocada
2026-05-12T16:00:00.000Z,"Debater progressos e pendências do 
acordo de greve dos servidores técnicos 
administrativos das Instituições Federais de Ensino Superior
 REQ 10/2026 CASP da Dep. Alice Portugal


1) CRISTINA DEL PAPA (a Confirmar)
   Coordenadora-Geral
   Federação dos Sindicatos dos Trabalhadores das Universidades Públicas Brasileiras -FASUBRA Sindical

2) ESTHER DWECK (a Confirmar)
   Ministra
   Ministério da Gestão e da Inovação em Serviços Públicos

3) JOSÉ GERALDO TICIANELI (a Confirmar)
   Presidente
   Associação Nacional dos Dirigentes das Instituições Federais de Ensino Superior - ANDIFES

4) JÚLIO XANDRO RECK (a Confirmar)
   Presidente
   Conselho Nacional das Instituições da Rede Federal de Educação Profissional, Científica e Tecnológica -Conif

5) LEONARDO BARCHINI (a Confirmar)
   Ministro
   Ministério da Educação",Audiência Pública,CASP,Convocada
2026-05-07T09:00:00.000Z,"Debater o panorama atual da atuação da Confederação Nacional da Indústria (CNI) e as ações desenvolvidas pelo Serviço Nacional de Aprendizagem Industrial  (SENAI) no Estado de Pernambuco.
 (REQ 15/2026 CDE, do deputado Felipe Carreras)

1)  MÁRCIO FERNANDO ELIAS ROSA (a Confirmar)
   Ministro
   Ministério do Desenvolvimento, Indústria, Comércio e Serviços (MDIC)


2) RICARDO ALVAREZ ALBAN (a Confirmar)
   Presidente
   Confederação Nacional da Indústria


3)  FELIPE ESTEVES PINTO MORGADO (Confirmado)
    Superintendente de Gestão e Desempenho
   Serviço Nacional de Aprendizagem Industrial (SENAI)


4) BRUNO VELOSO (a Confirmar)
   Presidente
   Federação das Indústrias do Estado de Pernambuco (FIEPE)


5) SIVALDO ALBINO (a Confirmar)
   Prefeito
   Prefeitura de Garanhuns",Audiência Pública,CDE,Convocada
2026-05-05T14:00:00.000Z,Discussão e votação de propostas legislativas,Reunião Deliberativa,CSPCCO,Convocada
2026-05-06T10:00:00.000Z,Discussão e votação de propostas legislativas.,Reunião Deliberativa,CDC,Convocada
2026-05-06T13:00:00.000Z,"Discussão e votação de propostas legislativas
 A - 2ª Deliberação das indicações às programações da LOA 2026 oriundas de emendas",Reunião Deliberativa,CESPO,Convocada
2026-05-05T12:00:00.000Z,"Apreciação de pareceres
 PAUTA  SUJEITA A ALTERAÇÕES

1- Representação nº 24/25 e apensadas (Representações nº 25/25 e 27/25), em desfavor dos Deputados Marcos Pollon, Marcel van Hattem e Zé Trovão, respectivamente - Defesa dos representados, discussão e votação do Parecer Final do Relator, Deputado Moses Rodrigues.
 
2- Representação nº 26/25, em desfavor do Deputado Marcos Pollon - Defesa do representado, discussão e votação do Parecer Final do Relator, Deputado Ricardo Maia.",Reunião Deliberativa,COETICA,Convocada
2026-05-06T10:00:00.000Z,Discussão e votação de propostas legislativas,Reunião Deliberativa,CMADS,Convocada
2026-05-06T10:00:00.000Z,Discussão e votação de proposições,Reunião Deliberativa,CAPADR,Convocada
2026-05-06T10:00:00.000Z,"Discussão e votação de propostas legislativas
 A - Deliberação das indicações às programações da LOA 2026 oriundas de emendas:",Reunião Deliberativa,CDU,Convocada
2026-05-06T10:00:00.000Z,Discussão e votação de propostas legislativas,Reunião Deliberativa,CTRAB,Convocada
2026-05-06T08:00:00.000Z,Discussão da pauta e outros assuntos atinentes à Comissão,Mesa Redonda,CTRAB,Convocada
2026-05-06T10:00:00.000Z,Discussão e votação de propostas legislativas,Reunião Deliberativa,CFT,Convocada
2026-05-06T09:30:00.000Z,Discussão da pauta e assunto internos,Mesa Redonda,CE,Convocada
2026-05-06T10:00:00.000Z,Discussão e votação de propostas legislativas,Reunião Deliberativa,CE,Convocada
2026-05-06T14:30:00.000Z,"Debate sobre a redução do Imposto sobre Veículos Automotores
 (REQ 21/2026 CCJC, do deputado Rodrigo de Castro)


1) HENRIQUE LIAN |  Presidente da Associação Brasileira de Consumidores - PROTESTE (Confirmado);
 

2) KIM KATAGUIRI | Deputado Federal (Confirmado);
   

3) REPRESENTANTE | Comitê Nacional de Secretários de Fazenda, Finanças, Receita ou Tributação dos Estados e do Distrito Federal - COMSEFAZ (a Confirmar);
  
   

4) REPRESENTANTE |  Secretaria Estadual de Fazenda de Minas Gerais (a Confirmar).",Audiência Pública,CCJC,Convocada
2026-05-06T13:30:00.000Z,"Discussão e votação de propostas legislativas
 Pauta pendente de confirmação.",Reunião Deliberativa,CCULT,Convocada
2026-05-05T14:30:00.000Z,Discussão e votação de propostas legislativas,Reunião Deliberativa,CCJC,Convocada
2026-05-06T10:00:00.000Z,Discussão e votação de propostas legislativas,Reunião Deliberativa,CCJC,Convocada
2026-05-06T14:00:00.000Z,"Discussão e votação de propostas legilativas
 Deliberação das Indicações às programações da LOA 2026 oriundas das emendas da Comissão RP-8",Reunião Deliberativa,CPASF,Convocada
2026-05-05T14:00:00.000Z,"Direitos e Garantias - Infância, Infanto-juvenil e Adultos.
 A - Audiência Pública

Tema: Direitos e Garantias - Infância, Infanto-juvenil e Adultos.

Convidados:

Representante do Ministério da Justiça e Segurança Pública; (A CONFIRMAR)

RENATA TIBIRYÇÁ, coordenadora da Comissão dos Direitos das Pessoas com Deficiência da ANADEP (Vídeoconferência);

EDUARDO VALADARES DE BRITO, Defensor Público Federal - DPU

Representante do Conselho Nacional do Ministério Público; (A CONFIRMAR)

Representante do Conselho Nacional de Justiça; (A CONFIRMAR)

Representante do Instituto Brasileiro de Apoio e Acolhimento aos Autistas; (A CONFIRMAR)

Ministro MAURO LUIZ CAMPBELL MARQUES, do Superior Tribunal de Justiça. (A CONFIRMAR)


Requerimentos nºs 24 e 25, de autoria do Deputado Orlando Silva


B - Deliberação de Requerimentos:",Audiência Pública e Deliberação,PL308020,Convocada
2026-05-05T15:00:00.000Z,"Riscos sanitários relacionados ao consumo de produtos submetidos à vigilância sanitária objetos de falsificação, fraude, pirataria e contrabando.
 A - Audiência Pública

Tema: Riscos sanitários relacionados ao consumo de produtos submetidos à vigilância sanitária objetos de falsificação, fraude, pirataria e contrabando.

Convidados:

Representante da Agência Nacional de Vigilância Sanitária - ANVISA (a confirmar);

Representante do Ministro da Saúde (a confirmar);

RUBENS HARRY BORN, Presidente do Conselho Diretor Instituto Brasileiro de Defesa de Consumidores - IDEC (a confirmar);

NELSON MUSSOLINI, Presidente-Executivo do Sindicato da Indústria de Produtos Farmacêuticos - SINDUSFARMA (confirmado);

RENATO PORTO, Presidente-Executivo da Associação da Indústria Farmacêutica de Pesquisa - INTERFARMA (a confirmar);

JULIO CÉSAR CASTELO BRANCO REIS MOREIRA, Presidente do Instituto Nacional da Propriedade Industrial - INPI (confirmado);

JORDANA SALDANHA, Diretora-Executiva da Associação Brasileira das Indústrias de Produtos de Higiene, Limpeza e Saneantes de Uso Doméstico e de Uso Profissional - ABIPLA (confirmada);

JOSÉ ROBERTO TADROS, Presidente da Confederação Nacional do Comercio de Bens, Serviço e Turismo - CNC (a confirmar);

REGINALDO BRAGA ARCURI, Presidente-Executivo do Grupo FarmaBrasil (confirmado);

EDSON VISMONA, Presidente Executivo do Fórum Nacional Contra a Pirataria e a Ilegalidade - FNCP (confirmado); e

EDMILSON ALVES, Diretor Executivo da Associação Brasileira da Indústria do Fumo - ABIFUMO (confirmado).

(Requerimento nº 2/2026, do Dep. Julio Lopes)
(Requerimento nº 17/2026, do Dep. Julio Lopes)
(Requerimento nº 19/2026, do Dep. Julio Lopes)

B - Deliberação de Requerimentos (estão sujeitos a pauta os requerimentos apresentados até 24h antes do horário da reunião):",Audiência Pública e Deliberação,CEXBRLEG,Convocada
2026-05-12T10:00:00.000Z,"Efeitos dos herbicidas hormonais sobre a saúde e a biodiversidade 
 ""Os efeitos da utilização de herbicidas hormonais sobre a saúde das pessoas, a biodiversidade e sobre as demais culturas existentes no entorno das áreas onde os herbicidas são aplicados"" 

REQ 22/26, do Dep. Nilton Tatto (PT/RN) e Dep. Alexandre Lindenmeyer (PT/RS)

Convidados: 

10h -11h   Mesa de Abertura: A perspectiva da academia/sociedade civil
JOÃO DE DEUS MEDEIROS
Presidente do Conselho Regional de Biologia da 9ª Região
NORTON SAMPAIO
Professor da Universidade Federal do Pampa
HÉLIO LUIZ MARCHIORO
Presidente do Instituto de Cooperação e Desenvolvimento Social e Cultural
MÁRIO MANTOVANI
Diretor Nacional de Relações Institucionais da Associação Nacional de Municípios e Meio Ambiente
ALTHEN TEIXEIRA FILHO
Professor do Instituto de Biologia do Departamento de Morfologia da Universidade Federal de Pelotas

11h25 -12h30 Mesa 2: A   perspectiva governamental

JOÃO CAPOBIANCO
Ministro do Meio Ambiente e Desenvolvimento Sustentável e Mudança do Clima- MMA
FERNANDA MACHIAVELI
Ministra do Desenvolvimento Agrário e Agricultura Familiar - MDA
ANDRÉ DE PAULA
Ministro da Agricultura, Pecuária e Abastecimento - MAPA
RODRIGO AGOSTINHO
Presidente do Instituto Brasileiro do Meio Ambiente e dos Recursos Naturais Renováveis - IBAMA",Seminário,CMADS,Convocada
2026-05-06T11:00:00.000Z,Discussão e votação de propostas legislativas,Reunião Deliberativa,CSAUDE,Convocada
2026-05-06T14:00:00.000Z,"1. O Papel das ouvidorias no fortalecimento da democracia e combate à desinformação 2. Discussão e votação de propostas legislativas
 (REQ 7/2026 CCOM, do deputado Gilson Daniel)

1) CIRO NOGUEIRA (a Confirmar)
   Senador e Ouvidor do Senado Federal
   Senado Federal

2) FLÁVIA MIGNONI (a Confirmar)
   Representante
   Superintendência Estadual de Comunicação Social do ES

3) GISELLI BALESTRASSI (a Confirmar)
   Ouvidora-Geral
   Ouvidoria-Geral do Estado do Estado do Espírito Santo

4) LUCIANA BERTACHINI (a Confirmar)
   Representante
   Associação Brasileira de Ouvidores (ABO)

5) MARÍLIA POLETTI (a Confirmar)
   Presidente
   Sindicato dos Jornalistas Profissionais do Estado do Espírito Santo

6) REPRESENTANTE (a Confirmar)
   Representante
   Ouvidoria do Tribunal de Contas da União",Audiência Pública e Deliberação,CCOM,Convocada
2026-05-06T13:29:00.000Z,"Discussão e votação de propostas legislativas
 A - Deliberação das indicações às programações da LOA 2026 orindas de emendas.

""Tabela a divulgar.""",Reunião Deliberativa,CCULT,Convocada
2026-05-12T16:00:00.000Z,"Audiência pública para debater sobre os 10 anos do Marco Legal da Primeira Infância (Lei nº 13.257/16)
 Audiência Pública conjunta das Comissões de Previdência, Assistência Social, Infância, Adolescência e Família e de Saúde, decorrente da aprovação dos REQ Nº 10/2026 CPASF, de autoria das Deputadas Amanda Gentil (PP-MA) e Laura Carneiro (PSD-RJ) e REQ Nº 47/2026 CSAUDE, de autoria do Deputado Dr. Zacharias Calil (MDB-GO).

1) MARINA FRAGATA CHICARO (a Confirmar)
   Diretoria de Políticas Públicas
   Fundação Maria Cecília Souto Vidigal

2) REPRESENTANTE (a Confirmar)
     UNICEF

3) REPRESENTANTE (a Confirmar)
     Ministério da Educação

4) REPRESENTANTE (a Confirmar)
     Ministério da Saúde

5) REPRESENTANTE (a Confirmar)
     Ministério do Desenvolvimento e Assistência Social, Família e Combate à Fome

6) VITAL DIDONET (a Confirmar)
     Consultor
     Rede Nacional da Primeira Infância",Audiência Pública,CPASF,Convocada
2026-05-07T10:00:00.000Z,"Fundo Nacional de Desenvolvimento da Cadeia do Leite 
 1) ALEXANDRE LEAL DOS SANTOS (Confirmado)
   Presidente
   Federação dos Trabalhadores Rurais Agricultores Familiares do Estado do Paraná - FETAEP

2) LUIS CORTI (a Confirmar)
   Deputado estadual
   Assembleia Legislativa do Paraná

3) REPRESENTANTE (a Confirmar)
   Ministério do Desenvolvimento Agrário e Agricultura Familiar - MDA

4) REPRESENTANTE (a Confirmar)
   Confederação Nacional dos Trabalhadores Rurais Agricultores e Agricultoras Familiares - CONTAG

5) REPRESENTANTE (a Confirmar)
   Federação da Agricultura do Estado do Paraná - FAEP

6) REPRESENTANTE (a Confirmar)
   Federação dos Trabalhadores na Agricultura Familiar do Paraná - FETRAF

7) REPRESENTANTE (a Confirmar)
   Sindicato e Organização das Cooperativas do Estado do Paraná - OCEPAR

8) REPRESENTANTE (a Confirmar)
   União Nacional das Cooperativas da Agricultura Familiar e Economia Solidária - UNICAFES



(REQ 37/2026 CAPADR, do deputado Welter)",Audiência Pública,CAPADR,Convocada
2026-05-05T14:00:00.000Z,"Plano de trabalho e votação de requerimentos
 A - Apresentação do Plano de Trabalho do Relator, Dep. Leo Prates;

B - Deliberação de Requerimentos:",Reunião Deliberativa,PEC22119,Convocada
2026-05-06T14:00:00.000Z,"Comparecimento da Ministra das Mulheres para apresentar os planos e a agenda estratégica do Ministério e as ações do Pacto Brasil entre os Três Poderes para Enfrentamento do Feminicídio.
 CONVIDADA (confirmada)

Sra. Márcia Lopes, Ministra de Estado da Mulheres


Requerimento:

Requerimento nº 4/2026, de autoria das deputadas Erika Hilton, Laura Carneiro e Socorro Neri.",Reunião de Comparecimento de Ministro(a),CMULHER,Convocada
2026-05-05T15:00:00.000Z,"Instalação dos trabalhos do GT e apresentação do Plano de Trabalho da Coordenadora, Dep. Tabata Amaral
 A - Instalação dos trabalhos do GT; e 

B - Apresentação do Plano de Trabalho da Coordenadora, Dep. Tabata Amaral.",Reunião,GTMISOG,Convocada
2026-05-06T09:00:00.000Z,Discussão e votação de propostas legislativas,Reunião Deliberativa,CREDN,Convocada
2026-05-06T09:30:00.000Z,"Visita oficial da Delegação do Parlamento Europeu para as Relações com o Brasil
 Objetivo da Visita : fortalecer os laços entre a União Europeia e o Brasil, com destaque para as relações comerciais e o multilateralismo 


Delegação:

 

- Hélder Sousa Silva (Partido Popular Europeu, Portugal), presidente da delegação do   Parlamento Europeu para as Relações com o Brasil

- Reinhold Lopatka (Partido Popular Europeu, Áustria)

- Jacek Protas (Partido Popular Europeu, Polônia)

- Evelyn Regner (Socialistas & Democratas, Áustria)

- Nicolás González Casares (Socialistas e Democratas, Espanha)

- Elio Di Rupo (Socialistas e Democratas, Bélgica)

- Valérie Deloge (Patriotas pela Europa, França)

- Michele Picaro (Conservadores e Reformistas Europeus, Itália)

- Urmas Paet (Renovar, Estónia)

- Gabriel Mato (Partido Popular Europeu, Espanha)",Visita Oficial,CREDN,Convocada
2026-05-06T14:00:00.000Z,"Diagnósticos sobre o uso do tempo para o trabalho 
 A - Audiência Pública

Tema: Diagnósticos sobre o uso do tempo para o trabalho 

Convidados:

LUIZ MARINHO, Ministro de Estado do Trabalho e Emprego (REQs 16, 19 e 30/26) - (a confirmar);

VINÍCIUS CARVALHO PINHEIRO, Diretor do Escritório da Organização Internacional do Trabalho (OIT) para o Brasil (REQs 15 e 17/26) - (a confirmar);

TERESA CRISTINA D'ALMEIDA BASTEIRO, Vice Procuradora Geral do Ministério Público do Trabalho (REQs 15 e 17/26) - (a confirmar);

HUGO CAVALCANTI MELO FILHO, Professor, Juiz do Trabalho e ex-Presidente da Associação Nacional dos Magistrados da Justiça do Trabalho (ANAMATRA) (REQ 9/26) - (a confirmar).

B - Deliberação de Requerimentos (estão sujeitos a pauta os requerimentos apresentados até 24h antes do horário da reunião):",Audiência Pública e Deliberação,PEC22119,Convocada
2026-05-05T13:55:00.000Z,Sessão Deliberativa Extraordinária Presencial (AM nº 123/2020),Sessão Deliberativa,PLEN,Convocada
2026-05-05T09:00:00.000Z,"Seminário Financeirização, Sistema da Dívida e seus Reflexos,
a ser promovido pela Frente Parlamentar sobre o Limite dos Juros e a Auditoria 
Integral da Dívida Pública com a Participação Popular.",Reunião Técnica,EVENTOS,Convocada
2026-05-05T10:00:00.000Z,"Plano Anual de Fiscalização e Controle (PAFC 2026): Emendas parlamentares  transparência e eficiência na aplicação de recursos provenientes de emendas parlamentares individuais e do relator.
 Convidados:

1)  MARCUS PESTANA | Diretor | Instituto Fiscal Independente do Senado Federal (IFI)
2) RAUL SANTOS | Consultoria Legislativa (Conle) da Câmara dos Deputados
3) EUGÊNIO GREGGIANIN | Consultoria de Orçamento e Fiscalização Financeira da Câmara dos Deputados (Conof)
4) GIORDANO RONCONI | Consultoria de Orçamento e Fiscalização Financeira da Câmara dos Deputados (Conof)

(Em atendimento ao Requerimento nº 59, de 2026, de iniciativa do Dep. Jorge Solla | PT-BA | relator do PAFC 2026)",Audiência Pública,CFFC,Convocada
2026-05-05T11:30:00.000Z,"Ouvir novos depoimentos relacionados às violações de direitos humanos praticadas contra os presos do 8 de janeiro.
 Requerimento nº 144/2026 de autoria do Deputado Federal Coronel Meira (PL/PE)
Requer a realização de audiência pública, no âmbito da Subcomissão de Fiscalização e Direitos dos Presos do 8 de Janeiro – SUB8J, com a finalidade de ouvir novos depoimentos relacionados às violações de direitos humanos praticadas contra os presos do 8 de janeiro.


CONVIDADOS:

SEBASTIÃO COELHO 
Desembargador Aposentado e Advogado de Presos Políticos do 08 de janeiro;

LUIZA CUNHA (confirmada)
Familiar de Preso Político do 08 de janeiro;

EVANDRO BRASILEIRO (confirmado)
Familiar de Preso Político do 08 de janeiro;

ROBERTO POZZATTI (confirmado)
Advogado de Presos Políticos do 08 de janeiro;

MARIANE NAIME (confirmada)
Familiar de Preso Político do 08 de janeiro;

HÉLIO JUNIOR (confirmado)
Advogado de Presos Políticos do 08 de janeiro;",Audiência Pública,SUB8J,Convocada
2026-05-05T14:00:00.000Z,Discussão e votação de propostas legislativas,Reunião Deliberativa,CASP,Convocada
2026-05-06T15:30:00.000Z,"Plano de trabalho e votação de requerimentos
 A - Apresentação do Plano de Trabalho do Relator, Dep. Jorge Goetten;

B - Deliberação de Requerimentos (estão sujeitos a pauta os requerimentos apresentados até 24h antes do horário da reunião).",Reunião Deliberativa,PLP10821,Convocada
2026-05-05T14:00:00.000Z,"Reunião interna com membros do Grupo de Trabalho
 - Reunião interna com membros do Grupo de Trabalho",Reunião Técnica,GTMISOG,Convocada
2026-05-12T14:00:00.000Z,"Regras relativas à cobrança de diárias em meios de hospedagens.
 REQUERIMENTO Nº 13/2026-CDC

CONVIDADOS:

Representante do Ministério do Turismo;

Representante da Secretaria Nacional do Consumidor - Senacon;

Representanteda Associação Brasileira da Indústria de Hotéis - ABIH;

Representantedo Fórum de Operadores Hoteleiros do Brasil - FOHB;

Representante da Associação Brasileira de Defesa do Consumidor - Idec; e
 
Representante da Confederação Nacional do Comércio, Bens, Serviços
e Turismo  - CNC.",Audiência Pública,CDC,Convocada
2026-05-12T17:00:00.000Z,"Desafios ao combate ao trabalho escravo contemporâneo no Brasil
 Requerimento n. 46/2026

Autores: Deputados Tadeu Veneri e Reimont

Convidados:

- Ministro de Estado do Trabalho e Emprego;


- Ministro de Estado dos Direitos Humanos e da Cidadania. 


- Representante da ANAFITRA - Associacao Nacional dos Auditores-Fiscais do Trabalho;


- Representante do Ministerio Publico do Trabalho;


- Representante do Tribunal Superior do Trabalho;


- Representante da Secretaria de Inspeção do Trabalho;


- Representante da Associacao Nacional dos Magistrados da Justica do Trabalho;


- Representante da Associacao Nacional dos Procuradores do Trabalho;


- Presidente da Conatrae - Comissao Nacional de Erradicacao do Trabalho Escravo.",Audiência Pública,CDHMIR,Convocada
2026-05-06T13:00:00.000Z,"Tribuna das Mulheres: trabalhadoras pelo fim da escala 6x1 e da sobrecarga de trabalho na vida das mulheres 
 Requerimento nº 3/2026, de autoria das Deputadas Erika Hilton, Laura Carneiro, Delegada Adriana Accorsi e Socorro Neri.",Reunião Técnica,CMULHER,Convocada
2026-05-07T09:00:00.000Z,"Visita técnica de membros da CFFC ao conjunto arquitetônico da Faculdade de Medicina da Universidade Federal da Bahia (UFBA).
 Visita Técnica aos prédios que compõem o complexo arquitetônico da Faculdade de Medicina da Universidade Federal da Bahia (UFBA), localizado no Centro Histórico de Salvador, a fim de verificar o estado de conservação dos edifícios e seus acervos, a aplicação de verbas direcionadas à sua manutenção e a necessidade urgente de implementá-las.

(Em atendimento ao Requerimento nº 15, de 2026, de iniciativa do Dep. Jorge Solla | PT-BA)",Visita Técnica,CFFC,Convocada
2026-05-07T11:30:00.000Z,"Visita técnica de membros da CFFC ao Estaleiro Enseada, em Maragogipe/BA,  para verificar a retomada de suas atividades.
 Visita técnica de membros da CFFC ao Estaleiro Enseada, localizado em Maragogipe (BA), na
região do Recôncavo, para verificar a retomada das atividades, após período de paralisação e o pacto de recuperação judicial acordado em outubro de 2019. 

(Em atendimento ao Requerimento nº 20, de 2026, de iniciativa do Dep. Jorge Solla | PT-BA)",Visita Técnica,CFFC,Convocada
2026-05-06T13:00:00.000Z,Discussão e votação de propostas legislativas,Reunião Deliberativa,CIDOSO,Convocada
2026-05-06T09:00:00.000Z,"Reunião de articulação política, discussão da pauta e assuntos de interesse da Comissão",Mesa Redonda,CAPADR,Convocada
2026-05-12T16:00:00.000Z,"Regras para contratos de produtos industrializados
 Req. 16 e 17/2026 - CDE
Iniciativa: Deputado Zé Adriano

Convidados:

1. MINISTÉRIO DA FAZENDA

2. CONFEDERAÇÃO NACIONAL DA INDÚSTRIA - CNI

3. CONFEDERAÇÃO NACIONAL DO COMÉRCIO DE BENS, SERVIÇOS E TURISMO - CNC

4. ASSOCIAÇÃO BRASILEIRA DE DISTRIBUIÇÃO - ABAD",Audiência Pública,CDE,Convocada
2026-05-11T14:00:00.000Z,"Avaliação dos impactos viários e de segurança pública decorrentes da Medida Provisória 1327/25 e da Resolução CONTRAN 1020/25 no Estado de Pernambuco
 SEMINÁRIO ESTADUAL DE PERNAMBUCO

Tema: Avaliação dos impactos viários e de segurança pública decorrentes da Medida Provisória 1327/25 e da Resolução CONTRAN 1020/25 no Estado de Pernambuco

Data:  11 de maio de 2026
Hora: 14h
Local: Auditório Roberto Régnier - SENAC- Sistema Fecomércio /PE

ABERTURA 

CORONEL MEIRA -  DEPUTADO FEDERAL E PRESIDENTE DA COMISSÃO ESPECIAL E COORDENADOR DO SEMINÁRIO

CONVIDADOS:
*Sujeito a alterações

FRANCISCO BANDEIRA DE MELO, Presidente do Tribunal de Justiça de Pernambuco -TJPE

CARLOS NEVES, Presidente Tribunal de Contas de Pernambuco -TCE-PE

JOSÉ PAULO CAVALCANTI XAVIER FILHO, Procurador-Geral de Justiça do Ministério Público de Pernambuco MP/PE

ALESSANDRO CARVALHO, Secretário de Defesa Social de Pernambuco - SDS

PEDRO HENRIQUE NEVES DE HOLANDA, Secretário de Mobilidade e Infraestrutura - SEMOBI

JOSÉ ROBERTO TADROS, Presidente da Confederação Nacional do Comércio de Bens, Serviços e Turismo - CNC

NARA DE DEUS, Diretora de Relações Institucionais da CNC

BERNARDO PEIXOTO DOS SANTOS OLIVEIRA SOBRINHO, Presidente FECOMÉRCIO-PE

VLADIMIR LACERDA MELQUIADES, Diretor Presidente - DETRAN-PE 

CLEITON DE ALMEIDA MEDEIROS, Superintendente da PRF em Pernambuco

TENENTE CORONEL REGINALDO PEREIRA DE OLIVEIRA FILHO, Comandante do BPTRAN/PE

PETRUS ANDRADE LIMA, Diretor Geral do Hospital Restauração  

YGOR VALENÇA, Presidente da Federação Nacional das Autoescolas - FENEAUTO

CAROLINA MARINO, Presidente do Instituto Mulheres no Trânsito

GEAN RAFAEL SANCHES, Coordenador Jurídico da Câmara Pernambucana - CPCFC

MATHEUS MARTINS, Presidente da Associação dos CFCs do Estado de São Paulo -ACESP

ALYSSON COIMBRA, Coordenador da Mobilização Nacional de Médicos e Psicólogos do Tráfego

FERNANDO COELHO, Presidente da União Pernambucana dos Psicólogos do Trânsito

JULIANA DE BARROS GUIMARÃES, Diretora Científica Nacional da Associação Brasileira de Psicologia de Tráfego- ABRAPSIT


ENCERRAMENTO 

Requerimento 28/26 (Dep .Aureo Ribeiro e Coronel Meira)",Seminário,PL808514,Convocada
2026-05-13T11:00:00.000Z,"Homenagem à Data Nacional da Criação do Estado de Israel.
 Homenagem à Data Nacional da Criação do Estado de Israel.",Sessão Não Deliberativa Solene,PLEN,Agendada
2026-05-13T14:30:00.000Z,"Debates Estratégicos com Bjorn Lomborg
 CÂMARA DOS DEPUTADOS
CENTRO DE ESTUDOS E DEBATES ESTRATÉGICOS
CONSULTORIA LEGISLATIVA
COPENHAGEN CONSENSUS CENTER

57ª Legislatura - 4ª Sessão Legislativa Ordinária

Debates Estratégicos com Björn Lomborg
Fazendo mais com menos: políticas públicas de alto impacto

Conferência:  Políticas públicas de alto resultado e baixo custo: caminhos para o consenso (tradução simultânea)

Local: Auditório Nereu Ramos    Data: 13/05/26    Horário: 14h30
Transmissão ao vivo: cd.leg.br/youtube
Programação: cd.leg.br/aulabjorn

P A U T A

Debates Estratégicos com Björn Lomborg é uma série de três eventos organizados pelo Centro de Estudos e Debates Estratégicos da Câmara dos Deputados (CEDES) com o renomado economista dinamarquês, voltada à difusão de análise de custo-benefício aplicada à formulação de políticas públicas.

A programação inclui uma conferência aberta ao público, com palestra e diálogo com autoridades, uma recepção institucional com parlamentares e especialistas, e um curso intensivo de dois dias para capacitação técnica de servidores, pesquisadores, formuladores de políticas públicas e público em geral.

Sobre o convidado:

Björn Lomborg é um acadêmico, autor e analista de políticas públicas dinamarquês, reconhecido internacionalmente por aplicar a análise de custo-benefício aos grandes desafios globais. Fundador e presidente do Copenhagen Consensus Center, lidera iniciativas que reúnem alguns dos principais economistas do mundo - dentre os quais sete laureados com prêmio Nobel de economia - para identificar políticas capazes de gerar os maiores retornos sociais e ambientais por dólar investido. Foi incluído na lista das 100 pessoas mais influentes do mundo pela revista TIME e destacado por publicações como The Guardian e Foreign Policy entre os principais pensadores globais.

Com atuação destacada em fóruns internacionais, Lomborg participa de debates em instituições como ONU, UNESCO, Banco Mundial e o Fórum Econômico Mundial de Davos, além de já ter prestado depoimento ao Congresso dos Estados Unidos. Seus projetos apresentam foco em temas como pobreza, saúde e mudanças climáticas. Autor de obras traduzidas para mais de 30 idiomas, é conhecido por títulos como Cool It e Best eThings First, este último eleito livro do ano por The Economist e Financial Times.

Série de eventos:

- 13 de maio 14h30 - Conferência: Políticas públicas de alto resultado e baixo custo: caminhos para o consenso (tradução simultânea)
- 14 e 15 de maio - Curso: Análise de custo-benefício para desenho de políticas públicas de alto impacto (Inscrição para o curso: https://docs.google.com/forms/d/e/1FAIpQLSeWMJ8_hsfqbVSgzdLQ8OMPgHQ7i9YIDrJYJNU8NbFztr3aIw/viewform)
 
Programação da Conferência no dia 13 de maio

14h30 - 15h30  Solenidade de abertura
  
15h30 - 16h30  Aula Magna com Bjorn Lomborg (tradução simultânea)
- Björn Lomborg, Presidente do Copenhagen Consensus Center, Distinguished Fellow da Hoover    Institution da Universidade Stanford, cientista político e economista dinamarquês

16h20 - 17h30 - Diálogo com parlamentares e convidados

17h30 - 18h30 - Coquetel",Simpósio,CEDES,Convocada
2026-05-19T09:00:00.000Z,"Milton Santos - 100 anos de pensamento geográfico crítico e cidadão
 CÂMARA DOS DEPUTADOS

CENTRO DE ESTUDOS E DEBATES ESTRATÉGICOS

BANCADA NEGRA DA CÂMARA DOS DEPUTADOS

COORDENAÇÃO EDIÇÕES CÂMARA DOS DEPUTADOS

57ª Legislatura - 4ª Sessão Legislativa Ordinária

SEMINÁRIO MILTON SANTOS - 100 ANOS DE PENSAMENTO GEOGRÁFICO CRÍTICO E CIDADÃO

Local: Auditório Nereu Ramos    Data: 19/05/26    Horário: 9h00 às 14h00

Participe presencial ou online!!!
Zoom: https://us02web.zoom.us/j/83958993120 ID Webinar: 839 5899 3120
Transmissão ao vivo pelo youtube: http://cd.leg.br/youtube

P A U T A

No ano em que se celebra o centenário de nascimento de Milton Santos (1926-2001), este seminário propõe um diálogo entre memória e futuro, entre a trajetória de um dos maiores pensadores do século XX e a permanente atualidade de suas formulações. Milton Santos revolucionou a Geografia brasileira ao colocar o espaço no centro do pensamento social, evidenciando que o território não é apenas palco das relações sociais, mas produto e agente dessas relações. Articulando rigor acadêmico e intervenção pública, sua obra atravessou fronteiras disciplinares, dialogou com movimentos sociais e inspirou uma Geografia cidadã, comprometida com a democracia, a justiça social e a soberania dos povos. 

Este encontro na Câmara dos Deputados, sede do poder legislativo brasileiro, reafirma o compromisso de Milton Santos com a dimensão pública do conhecimento e com o papel político do intelectual. Em duas mesas de debate, buscaremos não apenas honrar sua memória, mas principalmente interrogar: o que o pensamento miltoniano nos ensina sobre os desafios do presente? Como suas categorias analíticas nos ajudam a compreender o meio técnico-científico-informacional contemporâneo, a aceleração contemporânea, as desigualdades socioespaciais e a busca por uma outra globalização?

Ao reunir pesquisadoras e pesquisadores que conheceram Milton Santos pessoalmente e aqueles que seguem desenvolvendo e atualizando seu pensamento, este seminário pretende contribuir para que seu legado continue vivo, inspirando novas gerações na construção de um pensamento social brasileiro crítico, criativo e comprometido com a transformação social. Revisitar Milton Santos é também recolocar o território no centro do debate político nacional. Suas formulações sobre o uso desigual do território, a cidadania incompleta, o papel do Estado e a possibilidade de uma outra globalização seguem oferecendo ferramentas fundamentais para pensar políticas públicas, planejamento, direitos e participação social no Brasil.

Realizado por iniciativa do mandato do deputado federal Orlando Silva, representando a Bancada Negra, e em parceria com o Centro de Estudos e Debates Estratégicos (CEDES), o evento inscreve o legado de Milton Santos no espaço institucional da política democrática, reafirmando-o como um intelectual público cuja obra permanece viva, insurgente e necessária.

PROGRAMAÇÃO DO SEMINÁRIO

9h - 10h - ABERTURA
-  Deputado Hugo Motta, Presidente da Câmara dos Deputados
-  Deputado Orlando Silva,  1º Vice-Coordenador da Bancada Negra da Câmara dos Deputados
-  Deputado Márcio Jerry, Presidente do Centro de Estudos e Debates Estratégicos da Câmara dos             Deputados
-   Nina dos Santos, Secretária Adjunta de Políticas Digitais na Secretaria de Comunicação da       Presidência da República e neta de Milton Santos

10h - 12h - MESA "" Milton Santos: pensar o Brasil, compreender o mundo e construir um outro mundo possível "" - Coordenação e mediação: Orlando Silva
-  Jaime Tadeu Oliva, Professor do Instituto de Estudos Brasileiros da Universidade de São Paulo         (IEB-USP)
-  Maria Mónica Arroy, Professora de Geografia da Universidade de São Paulo
-  Maurício Costa de Carvalho, Professor do Instituto Federal de São Paulo (IFSP) 
-  Antonio Carlos Malachias (Billy Malachias), Pesquisador do Laboratório de Geografia Política da        Universidade de São Paulo (Geopo/USP)
-  Aldo Paviani, Professor Emérito da Universidade de Brasília (UnB)

 12h - 13h - LANÇAMENTO DA PUBLICAÇÃO ""Milton Santos no território da democracia: contribuições ao parlamento brasileiro""

13h00 - 14h00 - Coquetel",Seminário,CEDES,Convocada
2026-06-17T09:00:00.000Z,"Seminário Equilíbrio entre os Poderes: Tensões Atuais e Caminhos para a Harmonia Institucional
 CÂMARA DOS DEPUTADOS
CENTRO DE ESTUDOS E DEBATES ESTRATÉGICOS

57ª Legislatura - 4ª Sessão Legislativa Ordinária

SEMINÁRIO EQUILÍBRIO ENTRE OS PODERES:
TENSÕES ATUAIS E CAMINHOS PARA A HARMONIA INSTITUCIONAL

Local: Auditório Nereu Ramos    Data: 17/06/26    Horário: 9h00 às 13h00

P A U T A

O Centro de Estudos e Debates Estratégicos da Câmara dos Deputados tem a satisfação de convidar Vossa Senhoria para o Seminário ""Equilíbrio entre os Poderes: Tensões Atuais e Caminhos para a Harmonia Institucional"", que será realizado no dia 17 de junho, às 9h, no Auditório Nereu Ramos, na Câmara dos Deputados, em Brasília. 

A Separação de Poderes constitui um dos pilares fundamentais do Estado Democrático de Direito, garantindo o equilíbrio institucional, a limitação do poder e a proteção dos direitos fundamentais dos cidadãos. Em um contexto de transformações políticas, sociais e tecnológicas que desafiam constantemente os limites e as atribuições dos Poderes Executivo, Legislativo e Judiciário, torna-se imperativo promover reflexões aprofundadas sobre os mecanismos de controle recíproco, as tensões institucionais contemporâneas e os caminhos para o fortalecimento da harmonia entre os poderes.

O evento reunirá renomados constitucionalistas, magistrados, parlamentares, membros do Ministério Público, acadêmicos e representantes da sociedade civil para debater temas essenciais como os limites da atuação de cada poder, o fenômeno da judicialização da política, o ativismo judicial, as relações entre Executivo e Legislativo no presidencialismo de coalizão brasileiro, além dos desafios impostos pela era digital à governança democrática. O seminário representa uma oportunidade ímpar para o intercâmbio de experiências e perspectivas sobre a aplicação prática do princípio da Separação de Poderes no Brasil contemporâneo, contribuindo para o aperfeiçoamento institucional e o fortalecimento da democracia brasileira. 

Contamos com sua presença e valiosa contribuição para este importante debate sobre os alicerces da nossa República.

Data: 17 de junho

Mesa de abertura: 9h - 10h
- Deputado Hugo Motta - Presidente da Câmara dos Deputados
- Deputado Márcio Jerry - Presidente do Centro de Estudos e Debates Estratégicos
- Senador Davi Alcolumbre - Presidente do Senado Federal
- Ministro Edson Fachin - Presidente do Supremo Tribunal Federal
- Ministro Wellington César Lima e Silva, Ministro da Justiça 

10h - 12h - Mesa de debates  - Coordenação e mediação: Deputado Márcio Jerry
-  Martonio Mont'Alverne, Professor Titular da Universidade de Fortaleza e Procurador da Procuradoria     Geral do Município de Fortaleza
-  Lara Mesquita, Professora da Escola de Economia de São Paulo da Fundação Getulio Vargas -FGV       EESP
-  Felipe Recondo, Jornalista, pesquisador e escritor, especializado em informações jurídicas e               legislativas 

12h - 13h - Coquetel de encerramento",Seminário,CEDES,Convocada
2026-05-21T09:00:00.000Z,"Reurbanização das favelas para o desenvolvimento social
 CÂMARA DOS DEPUTADOS
CENTRO DE ESTUDOS E DEBATES ESTRATÉGICOS

57ª Legislatura - 4ª Sessão Legislativa Ordinária

SEMINÁRIO REURBANIZAÇÃO DAS FAVELAS
PARA O DESENVOLVIMENTO SOCIAL

Local: Plenário 4    Data: 21/05/26    Horário: 9h00 às 13h00

P A U T A

Convidamos toda a comunidade para participar do seminário ""Reurbanização das favelas para o desenvolvimento social"", que integra o importante estudo do Centro de Estudos e Debates Estratégicos da Câmara dos Deputados intitulado ""FAVELAS E COMUNIDADES URBANAS: CONECTIVIDADE E INCLUSÃO DIGITAL PARA O DESENVOLVIMENTO SOCIOECONÔMICO DO TRABALHADOR 5.0"". Este evento representa uma oportunidade única de debater soluções inovadoras para a transformação das comunidades urbanas, promovendo a inclusão digital e o desenvolvimento socioeconômico em um contexto de constantes mudanças tecnológicas e sociais.

O seminário será conduzido pelo Deputado Hélio Lopes e acontecerá no dia 21 de maio de 2026, das 9h às 13h, no Plenário 4 da Câmara dos Deputados. Durante o encontro, especialistas, gestores públicos e representantes da sociedade civil discutirão estratégias de reurbanização que conectem infraestrutura urbana, inclusão digital e oportunidades de trabalho para os moradores de favelas e comunidades. Sua presença e participação são fundamentais para construirmos juntos um futuro mais justo e inclusivo. Não perca esta oportunidade de contribuir com ideias e conhecer as propostas que podem transformar a realidade de milhões de brasileiros!

PROGRAMAÇÃO 

9h - 11h - MESA 1  - Moderador: Deputado Hélio Lopes, Relator do estudo e membro do Cedes

-  Deputado Márcio Jerry, Presidente do Centro de Estudos e Debates Estratégicos da Câmara dos          Deputados
- Jader Barbalho Filho, Ministro das Cidades
- Guilherme Simões, Secretário Nacional de Periferias do Ministério das Cidades
- Luiz Fernando Pezão, Prefeito de Piraí, RJ
- Rayne Ferreti Moraes, Chefe do Escritório do Brasil da ONU-Habitat, Escritório Regional para      América Latina e o Caribe, Brasil e Cone Sul
- Maria Migliore, Diretora de Integração Produtiva na organização Fundar e ex-Ministra de Desenvolvimento Humano e Hábitat da Cidade de Buenos Aires

11h - 13h - MESA 2  - Deputado Hélio Lopes, Relator do estudo e membro do Cedes

- João Porto de Albuquerque, Diretor do Urban Big Data Centre da Universidade de Glasgow 
- Gustavo Taniguchi, CEO da Urbtec Engenharia, Planejamento e Consultoria 
- Jeroen Johannes Klink, Diretor do Centro de Estudos da Favela - CEFAVELA
- Raul Juste Lores, jornalista, escritor, pesquisador de arquitetura e urbanismo e criador do projeto São    Paulo nas Alturas",Seminário,CEDES,Convocada
2026-06-17T09:00:00.000Z,Celebração dos 118 anos de Imigração Japonesa no Brasil,Sessão Não Deliberativa Solene,CN,Convocada
2026-05-26T14:00:00.000Z,"Qualidade do serviço prestado pela Amazonas Energia S/A
 Requerimentos nº 24/2025 (CDC),  24/2025 (CME) e 14/2026 (CDC),  do Deputado Fausto Santos Jr..


CONVIDADOS:

Alexandre Silveira de Oliveira
Ministro de Estado de  Minas e Energia

Sandoval de Araújo Feitosa Neto
Diretor-Geral da Agência Nacional de Energia Elétrica - Aneel

Márcio Pereira Zimmermann
Diretor-Presidente da Amazonas Energia S/A

Jalil Fraxe Campos
Diretor-Presidente do Procon do Amazonas - Confirmado

Leda Mara Nascimento Albuquerque
Procuradora-Geral de Justiça do Ministério Público do Amazonas

Dep.Mário César Filho
Presidente da Comissão de Defesa do Consumidor da Assembleia Legislativa do Estado do Amazonas.

Representante da Âmbar Energia",Audiência Pública,CDC,Convocada
2026-05-13T09:00:00.000Z,"Homenagem ao Dia Internacional da Enfermagem
 Homenagem ao Dia Internacional da Enfermagem",Sessão Não Deliberativa Solene,PLEN,Agendada
2026-05-15T10:00:00.000Z,"Homenagem às lideranças da Tradição Iorubá para a preservação da cultura afro-brasileira, da liberdade religiosa e da difusão dos saberes ancestrais do Brasil
 Homenagem às lideranças da Tradição Iorubá para a preservação da cultura afro-brasileira, da liberdade religiosa e da difusão dos saberes ancestrais do Brasil",Sessão Não Deliberativa Solene,PLEN,Agendada
2026-05-19T11:00:00.000Z,"Homenagem ao Dia da Família
 Homenagem ao Dia da Família",Sessão Não Deliberativa Solene,PLEN,Agendada
2026-05-20T11:00:00.000Z,"Homenagem aos 400 anos das Missões Jesuíticas-Guarani
 Homenagem aos 400 anos das Missões Jesuíticas-Guarani",Sessão Não Deliberativa Solene,PLEN,Agendada
2026-05-26T14:00:00.000Z,"Comenda Incentivadores do Esporte
 Cerimônia de homenagem para concessão de prêmio denominado ""Comenda Incentivadores do Esporte"", em atenção ao Requerimento nº 10/2026, de autoria do deputado Saulo Pedroso.

Convidados:
Sr. Paulo Henrique Perna Cordeiro, ministro do Ministério do Esporte;
Sra. Carolinne Gomes Neves de Carvalho, diretora de Programas e Políticas de Incentivo ao Esporte;

Incentivadores confirmados:
Itaú Seguros S.A.

Proponentes confirmados:
Instituto LTP Brasil

Incentivadores homenageados:
Vale S.a.
Nu Financeira
Salobo Metais S/A
Shell Brasil Petróleo Ltda.
Petrobras S.A.
Companhia de Saneamento Básico do Estado de São Paulo
Redecard Instituição de Pagamentos S.A
Transportadora Associada de Gás S.A.
Bradesco Administradora de Consórcios Ltda.

Proponentes homenageados:
Clube de Regatas do Flamengo
Confederação Brasileira de Judô
Conexão Esportiva & Cultural
Instituto de Estudos Superiores em Gestão do Esporte",Homenagem,CESPO,Convocada
2026-05-27T10:00:00.000Z,Homenagem aos 475 anos da Diocese de Salvador,Sessão Não Deliberativa Solene,CN,Convocada
2026-05-27T09:00:00.000Z,"Homenagem ao centenário do geógrafo Milton Santos
 Homenagem ao centenário do geógrafo Milton Santos",Sessão Não Deliberativa Solene,PLEN,Agendada
2026-05-19T09:00:00.000Z,"Homenagem ao Dia Nacional de Combate ao Abuso e à Exploração Sexual de Crianças e Adolescentes
 Homenagem ao Dia Nacional de Combate ao Abuso e à Exploração Sexual de Crianças e Adolescentes",Sessão Não Deliberativa Solene,PLEN,Agendada
2026-05-27T11:00:00.000Z,"Homenagem à Campanha Nacional da Voz, promovida pela Academia Brasileira de Laringologia e Voz – ABLV
 Homenagem à Campanha Nacional da Voz, promovida pela Academia Brasileira de Laringologia e Voz – ABLV",Sessão Não Deliberativa Solene,PLEN,Agendada
2026-05-26T11:00:00.000Z,"Homenagem aos 100 anos de fundação do Instituto de Engenharia do Paraná – IEP
 Homenagem aos 100 anos de fundação do Instituto de Engenharia do Paraná – IEP",Sessão Não Deliberativa Solene,PLEN,Agendada
2026-05-27T10:00:00.000Z,Comparecimento da Ministra de Estado da Cultura Margareth Menezes,Reunião de Comparecimento de Ministro(a),CCULT,Convocada
2026-05-15T14:00:00.000Z,"Homenagem aos 48 anos da Associação Brasileira das Entidades Fechadas de Previdência Complementar – ABRAPP
 Homenagem aos 48 anos da Associação Brasileira das Entidades Fechadas de Previdência Complementar – ABRAPP",Sessão Não Deliberativa Solene,PLEN,Agendada
2026-05-18T11:00:00.000Z,"Homenagem ao Dia Nacional da Luta Antimanicomial
 Homenagem ao Dia Nacional da Luta Antimanicomial",Sessão Não Deliberativa Solene,PLEN,Agendada
2026-05-29T10:00:00.000Z,"Homenagem aos 50 anos da Fundação Nacional de Artes (Funarte)
 Homenagem aos 50 anos da Fundação Nacional de Artes (Funarte)",Sessão Não Deliberativa Solene,PLEN,Agendada
2026-05-13T16:00:00.000Z,"Debate sobre as metodologias de correção do ENEM, especialmente da prova de redação, e os mecanismos adotados para o tratamento de inconsistências nas notas e garantia de não prejuízo aos candidatos
 1)  (a Confirmar)  Representante do Instituto Nacional de Estudos e Pesquisas Educacionais Anísio Teixeira (INEP); 

2)  (a Confirmar) Representante do Centro Brasileiro de Pesquisa em Avaliação e Seleção e de Promoção de Eventos (CEBRASPE); 

3)  (a Confirmar) Representante do Ministério da Educação (MEC); 

4)  (a Confirmar) Representante do Conselho Nacional de Secretários de Educação (CONSED); 

5)  (a Confirmar) Representante da União Brasileira dos Estudantes Secundaristas (UBES);

6)  (a Confirmar) Representate da  União Nacional dos Estudantes (UNE). 


(REQ 8/2026 CE, do deputado Túlio Gadêlha)",Audiência Pública,CE,Convocada
2026-05-26T11:00:00.000Z,Frente Parlamentar do Taxi,Reunião Técnica,EVENTOS,Convocada
2026-05-14T14:30:00.000Z,Dia Nacional de Conscientização das Doenças Cardiovasculares na Mulher,Reunião Técnica,EVENTOS,Convocada
2026-05-26T16:00:00.000Z,"Políticas públicas voltadas às pessoas com altas habilidades/superdotação (AH/SD)
 1) (a Confirmar) Representante do Ministério da Educação (MEC); 

2)  (a Confirmar) Representante da Secretaria de Estado de Educação do Governo do Distrito Federal (SEEDF); 

3) JHOYCE HAYNE (a Confirmar) - Presidente da Comissão de Defesa dos Direitos das Pessoas com Altas Habilidades/Superdotação ou Dupla excepcionalidade;

4) DENISE FLEITH (a Confirmar) -  Pesquisadora do Instituto de Psicologia (IP) da Universidade de Brasília (UnB); 

5)  ROBERTHA MUNIQUE (a Confirmar) - Especialista em Atendimento Educacional Especializado em Altas Habilidades/Superdotação (MEC/UnB) e Presidente do Instituto RAISES  - Rede de Apoio, Incentivo e Suporte Educacional e Emocional ao Superdotado; 

6)  AMÁBILE PACIOS (a Confirmar) - Presidente da Federação Nacional das Escolas Particulares (FENEP); 

7)  RAFAEL KESSLER (a Confirmar) -  Estudante, programador, inventor da Língua Hyroasc e criador da Fómula de Kessler, reconhecida pela UnB; 

8)  LUCAS FREITAS (a Confirmar) - Estudante, primeiro medalhista olímpico de ouro do Brasil em competição de cibersegurança na China,

(REQ 14/2026 CE, da deputada Nely Aquino)",Audiência Pública,CE,Convocada
2026-05-14T14:00:00.000Z,"Homenagem aos 135 anos da presença Batista no Estado do Rio de Janeiro
 Homenagem aos 135 anos da presença Batista no Estado do Rio de Janeiro",Sessão Não Deliberativa Solene,PLEN,Agendada
2026-05-20T12:30:00.000Z,"Homenagem ao  Aniversário de criação dos municípios de Senador Guiomard, Assis Brasil e Manoel Urbano do Estado do Acre
 Homenagem ao  Aniversário de criação dos municípios de Senador Guiomard, Assis Brasil e Manoel Urbano do Estado do Acre",Sessão Não Deliberativa Solene,PLEN,Agendada
2026-05-13T14:00:00.000Z,"Turismo de Ilhas - Boas práticas na gestão, com foco nas experiências de Fernando de Noronha e Ilha do Mel
 (REQ 7/2026 CTUR, da deputada Daniela Reinehr)

Convidados (a confirmar):

1) Representante do Ministério do Turismo;

2) Sr. RAFAEL GUTTIERRES JÚNIOR, Presidente da Associação Brasileira das Ilhas Turísticas - ABITUR, representando também a Ilha do Mel (confirmado);

3) Sr. EVERTON LUIZ DA COSTA SOUZA Diretor Presidente do Instituto Água e Terra do Paraná;

4) Sr. PAULO VICTOR SILVA DE LIMA, Prefeito do Município de Soure/PA; 
 
5) Sr. VIRGÍLIO OLIVEIRA, Administrador-Geral do Arquipélago de Fernando de Noronha (confirmado);

6) Sr. JULIANO RICHTER PIRES, Secretário de Turismo, Desenvolvimento Econômico e Inovação de Florianópolis/SC.",Audiência Pública,CTUR,Cancelada
2026-05-22T14:00:00.000Z,"Seminário sobre o ""Brasil Legal""
 Seminário sobre o ""Brasil Legal"".

Convidados:

ANTONIO RICARDO ALVAREZ ALBAN, Presidente da Confederação Nacional da Indústria - CNI (a confirmar);

ANTONIO FLORENCIO DE QUEIROZ, Presidente da Federação do Comércio de Bens, Serviços e Turismo do Estado do Rio de Janeiro (confirmado);

LUIZ CÉSIO CAETANO, Presidente da Firjan (a confirmar);

JOSÉ EDUARDO CIDADE, Presidente da Associação Brasileira de Bebidas Destiladas - ABBD (a confirmar);

JAMES THORP NETO, Presidente da Federação Nacional do Comércio de Combustíveis e Lubrificantes - Fecombustíveis (a confirmar);

JULIO CÉSAR CASTELO BRANCO REIS MOREIRA, Presidente do Instituto Nacional de Propriedade Industrial - INPI (confirmado);

ANDRE FAISSAL, Consultor da Associação Brasileira da Indústria do Fumo - ABIFUMO (confirmado);

RENATO PORTO, Presidente Executivo da Associação da Indústria Farmacêutica de Pesquisa -Interfarma (a confirmar); e

JULIANO PASQUAL, Secretário de Fazenda do Estado do Rio de Janeiro (a confirmar).

(Requerimento nº 3/2026, do Dep. Julio Lopes)",Seminário,CEXBRLEG,Convocada
2026-05-26T09:00:00.000Z,"Homenagem aos 30 anos da Coordenação Nacional de Articulação das Comunidades Negras Rurais Quilombolas
 Homenagem aos 30 anos da Coordenação Nacional de Articulação das Comunidades Negras Rurais Quilombolas",Sessão Não Deliberativa Solene,PLEN,Agendada
2026-05-18T09:00:00.000Z,"Homenagem ao 80º Aniversário da Independência do Reino Hachemita da Jordânia
 Homenagem ao 80º Aniversário da Independência do Reino Hachemita da Jordânia",Sessão Não Deliberativa Solene,PLEN,Agendada
2026-05-26T11:00:00.000Z,"Trecho rodoviário da BR 364 e o processo de concessão no Estado de Rondônia.
 (REQ 25/2026 CVT, do deputado Rafael Fera)

. GEORGE SANTORO,  Ministro dos Transportes; 

. GUILHERME THEO RODRIGUES,  Diretor Geral da Agência Nacional de Transportes Terrestres- ANTT;

.  Responsável pela NOVA 364 S.A;

. Representante do Ministério Público Federal.",Audiência Pública,CVT,Convocada
2026-05-19T10:00:00.000Z,"Concessão BR 116 no Vale do Ribeira/SP
 (REQ 43/2026 CVT, do deputado Paulo Alexandre Barbosa)

. GEORGE SANTORO,  Ministro dos Transportes;

. GUILHERME THEO RODRIGUES SAMPAIO Diretor-Geral da Agencia Nacional de Transportes Terrestres (ANTT); 

. VIVIANE ESSE, Secretaria Nacional do Transporte Rodoviario; 

. SAMUEL MOREIRA,  Prefeito do Municipio de Registro; 

. MARIO POVIA, Diretor Presidente do Instituto Brasileiro de Infraestrutura;

. MARTI CARBONELL MASCARÓ,  Diretor Presidente da Concessionaria Arteris.",Audiência Pública,CVT,Convocada
2026-05-20T14:00:00.000Z,"Balanço dos Jogos Paralímpicos de Inverno e Ciclo Los Angeles 2028
 Audiência Pública  com o comitê Paralímpico Brasileiro (CPB) para apresentar o ciclo de preparação para os jogos paralímpicos Los Angels 2028 e realizar um balanço da participação brasileira nos Jogos Paralímpicos de Inverno em Milão-Cortina (2026), em atenção ao Requerimento nº 20/2026, de autoria da deputada Iza Arruda.

Convidado:
Sr. José Antônio Ferreira Freire, presidente do Comitê Paralímpico Brasileiro (CPB).",Audiência Pública,CESPO,Convocada
2026-07-01T09:00:00.000Z,"Homenagem ao Dia das Micro, Pequenas e Médias Empresas
 Homenagem ao Dia Nacional da Micro e Pequena Empresa",Sessão Não Deliberativa Solene,PLEN,Agendada
2026-07-07T09:00:00.000Z,"Homenagem ao Dia Internacional do Cooperativismo
 Homenagem ao Dia Internacional do Cooperativismo",Sessão Não Deliberativa Solene,PLEN,Agendada
2026-07-07T11:00:00.000Z,"Homenagem aos 54 de colonização na Região Transamazônica
 Homenagem aos 54 de colonização na Região Transamazônica",Sessão Não Deliberativa Solene,PLEN,Agendada
2026-06-09T09:00:00.000Z,"Homenagem aos 28 anos da Igreja Mundial do Poder de Deus
 Homenagem aos 28 anos da Igreja Mundial do Poder de Deus",Sessão Não Deliberativa Solene,PLEN,Agendada
2026-06-09T11:00:00.000Z,"Homenagem ao Dia do Nascituro
 Homenagem ao Dia do Nascituro,",Sessão Não Deliberativa Solene,PLEN,Agendada
2026-06-10T10:00:00.000Z,Sessão Solene para Outorga da Medalha do Mérito Evangélico,Sessão Não Deliberativa Solene,PLEN,Agendada
2026-07-08T09:00:00.000Z,"Homenagem aos 203 anos do dia 02 de Julho, data comemorativa da Independência da Bahia
 Homenagem aos duzentos e três anos do Dia 02 de Julho, data comemorativa da independência da Bahia",Sessão Não Deliberativa Solene,PLEN,Agendada
2026-06-16T09:00:00.000Z,"Homenagem ao centenário de Adauto Bezerra e Humberto Bezerra
 Homenagem ao centenário de Adauto Bezerra e Humberto Bezerra",Sessão Não Deliberativa Solene,PLEN,Agendada
2026-07-08T11:00:00.000Z,"Homenagem aos 80 anos da Universidade Federal da Bahia - UFBA
 Homenagem aos oitenta anos da Universidade Federal da Bahia - UFBA",Sessão Não Deliberativa Solene,PLEN,Agendada
2026-06-18T14:00:00.000Z,"Homenagem aos 65 Anos do Movimento de Educação de Base – MEB
 Homenagem aos 65 Anos do Movimento de Educação de Base – MEB",Sessão Não Deliberativa Solene,PLEN,Agendada
2026-06-18T16:00:00.000Z,"Homenagem aos 70 anos do Conselho Federal de Química
 Homenagem aos 70 anos do Conselho Federal de Química",Sessão Não Deliberativa Solene,PLEN,Agendada
2026-06-23T11:00:00.000Z,"Homenagem aos 60 anos do Salário Mínimo Profissional da Engenharia e da Agronomia
 Homenagem aos 60 anos do Salário Mínimo Profissional da Engenharia e da Agronomia",Sessão Não Deliberativa Solene,PLEN,Agendada
2026-06-30T11:00:00.000Z,"Homenagem à Organização TouchPeace
 Homenagem à Organização TouchPeace",Sessão Não Deliberativa Solene,PLEN,Agendada
2026-06-16T11:00:00.000Z,"Homenagem aos 100 Anos do Dr. Jorge Prado Leite
 Homenagem aos 100 Anos do Dr. Jorge Prado Leite",Sessão Não Deliberativa Solene,PLEN,Agendada
2026-05-28T14:00:00.000Z,"Homenage ao Dia Nacional da Mata Atlântica
 Homenage ao Dia Nacional da Mata Atlântica",Sessão Não Deliberativa Solene,PLEN,Agendada
2026-06-23T09:00:00.000Z,"Homenagem ao Dia Mundial do Meio Ambiente
 Homenagem ao Dia Mundial do Meio Ambiente",Sessão Não Deliberativa Solene,PLEN,Agendada
2026-05-21T14:00:00.000Z,"Homenagem à atuação e ao reconhecimento da Associação dos Veteranos do Estado de Goiás (AVEGO) aos profissionais do Sistema de Segurança Pública
 Homenagem ao reconhecimento da Associação dos Veteranos do Estado de Goiás (AVEGO) aos profissionais do Sistema de Segurança Pública",Sessão Não Deliberativa Solene,PLEN,Agendada
2026-06-24T11:00:00.000Z,"Homenagem aos 65 anos da Igreja Assembleia de Deus Ministério Vila Nova
 Homenagem aos 65 anos da Igreja Assembleia de Deus Ministério Vila Nova",Sessão Não Deliberativa Solene,PLEN,Agendada
2026-05-20T15:30:00.000Z,"Suspensão do aporte financeiro para o financiamento da construção do túnel Santos-Guarujá
 (REQ 44/2026 CVT, da deputada Rosana Valle)

. TOMÉ FRANCA, Ministro de Estado dos Portos e Aeroportos.",Audiência Pública,CVT,Convocada
2026-05-18T14:00:00.000Z,"Irrigação, Abastecimento e Gestão de Recursos Hídricos em Minas Gerais
 (REQ 18/2026 CMADS, do deputado Zé Vitor)

Convidados: 

GIUSEPPE SERRA SECA VIEIRA
Secretário Nacional de Segurança Hídrica do Ministério da Integração e Desenvolvimento Regional - SNSH

THALES ALMEIDA PEREIRA FERNANDES
Secretário de Agricultura, Pecuária e Abastecimento de Minas Gerais - SEAPA

MARÍLIA CARVALHO DE MELO
Companhia de Saneamento de Minas Gerais - COPASA

LYSANDRO NORTON SIQUEIRA
Secretario de Meio Ambiente e Desenvolvimento Sustentável de Minas Gerais - SEMAD

MARCELO DA FONSECA
Diretor-Geral do Instituto Mineiro de Gestão das Águas - IGAM

LUCAS VIEIRA LOPES
Presidente da Associação Mineira de Municípios - AMN

ANTÔNIO PITANGUI DE SALVO
Presidente da Federação da Agricultura e Pecuária do Estado de Minas Gerais - FAEMG

REPRESENTANTE
Associação de Irrigantes de Minas Gerais",Seminário,CMADS,Convocada
2026-05-20T14:00:00.000Z,"A Segurança Viária no Brasil
 (REQ 198/2026 CSPCCO, do deputado Coronel Meira)

1) BRUNO ALVES (Confirmado)
   Presidente da Federação Nacional dos Sindicatos Estaduais dos Servidores dos Detrans Estaduais, Municipais e do Distrito Federal

2) FERNANDO CAPEZ (a Confirmar)
   Professor, Palestrante, Advogado e Procurador de Justiça, Aposentado

3) REPRESENTANTE (a Confirmar)
   Polícia Rodoviária Federal - PF",Audiência Pública,CSPCCO,Convocada
2026-06-10T14:00:00.000Z,"Esporte:  Síndrome de Down e Transtorno do Espectro Autista
 Audiência pública para discutir o papel da prática esportiva no desenvolvimento de pessoas com Síndrome de Down e pessoas com Transtorno do Espectro Autista, em atenção ao Requerimento nº 16/2026, de autoria do deputado Danrlei de Deus Hinterholz.

Convidados confirmados:
-Sr. Pedro Lucas Costa, professor e pesquisador do núcleo de Autismo e Neurodiversidade da Universidade de Brasília; coordenador da Especialização em Autismo e Educação: Inclusão, aprendizado e desenvolvimento - UNI-IJUÍ Universidade Regional do Noroeste do Estado do Rio Grande do Sul;
- Sr. Juarez Oliveira Sampaio, professor substituto da Faculdade de Educação Física da Universidade de Brasília;
-Sr. Lucas Forgiarini de Matos, estudante egresso da Unijuí e técnico administrativo da Universidade: 
Bacharel em Educação Física e pessoa com Síndrome de Down;
--Sra. Cleunice Bohn de Lima, presidente da Federação Brasileira das Associações de Síndrome de Down e representante da Futsaldown DF;

Aguardando confirmação:
-Sra.  Catia Dionéia de Souza Vieira, presidente do Conselho Estadual dos Direitos das Pessoas com Deficiência - COEPEDE e diretora financeira da Associação de Pais de Pessoas com Síndrome de Down de Pelotas - APADPEL. (representando ambas as instituições);",Audiência Pública,CESPO,Convocada
2026-05-20T09:00:00.000Z,"Homenagem aos Galos de Pernambuco: Galo da Madrugada e Galo Gigante
 Homenagem aos Galos de Pernambuco: Galo da Madrugada e Galo Gigante",Sessão Não Deliberativa Solene,PLEN,Agendada
2026-05-19T10:00:00.000Z,"Atraso na entrega de livros em braile aos estudantes com deficiência visual na educação básica.
 1) (a Confirmar) Representante do Ministério da Educação; 

2)  (a Confirmar)  Representante do Fundo Nacional de Desenvolvimento da Educação (FNDE);

3) JANAÍNA BARCELLOS (a Confirmar) - Presidente do Instituto Holofotes; 

4)  MARCELO PÂNICO (a Confirmar) - Representante da Fundação Dorina.


(REQ 20/2026 CE, da deputada Maria Rosas)",Audiência Pública,CE,Convocada
2026-05-13T14:00:00.000Z,"Ligas municipais na valorização do futebol amador
 Audiência Pública para debater a criação de políticas públicas que visem à valorização do futebol amador nas cidades através das Ligas Municipais, em atenção ao Requerimento nº 22/2026, e autoria do deputado airton Faleiro.

Convidados:
- Representante da Confederação Brasileira de Futebol (CBF);
- Representante da Secretaria Nacional de Esporte Amador, Educação, Lazer e Inclusão Social, do Ministério do Esporte;
 - Representante da Diretoria de Programas e Políticas de Incentivo ao Esporte;
- Representante da Liga Nacional de Futebol amador (LINFA);
- Representante das Associações Estaduais de Ligas Municipais;
- Representante das Ligas Municipais; 
- Representante dos Clubes Amadores filiados às Ligas Municipais.",Audiência Pública,CESPO,Convocada
2026-06-02T10:00:00.000Z,"Polilaminina como tratamento na regeneração da medula espinhal 
 REQ. 17/2026 CSAUDE, do Deputado Zé Vitor
REQ. 18/2026 CSAUDE, do Deputado Diego Garcia

Convidados(as) a confirmar:

- Tatiana Lobo Coelho de Sampaio (UFRJ)

- Representante do Laboratório Cristalia

- Bruno Drummond de Freitas (paciente)

- Representante do MINISTÉRIO DA SAÚDE

- Representante da ANVISA",Audiência Pública,CSAUDE,Convocada
2026-07-01T11:00:00.000Z,"Homenagem aos Oitenta Anos de Atuação do Serviço Social da Indústria – SESI
 Homenagem aos Oitenta Anos de Atuação do Serviço Social da Indústria – SESI",Sessão Não Deliberativa Solene,PLEN,Agendada
2026-05-25T14:00:00.000Z,"Homenagem ao Dia Nacional do Desporto Escolar
 Homenagem ao Dia Nacional do Desporto Escolar",Sessão Não Deliberativa Solene,PLEN,Agendada
2026-05-13T16:30:00.000Z,"proposta sobre cota de trabalho na CLT
 (Requerimento nº 32/2026/CTRAB, do Deputado Cap. Alden)  
        

CONVIDADOS

REPRESENTANTE
Representante do Ministério do Trabalho e Emprego 

REPRESENTANTE
Representante do Ministério Público do Trabalho

REPRESENTANTE
Representante da Confederação Nacional da Indústria

REPRESENTANTE
Representante da Confederação Nacional do Transporte

REPRESENTANTE
Representante da Confederação Nacional do Comércio de Bens, Serviços e Turismo

REPRESENTANTE
Representante da Confederação da Agricultura e Pecuária do Brasil

PAULO ROBERTO DA CRUZ AZEVEDO 
Presidente do Sindicato das Empresas de Segurança Privada do Estado da Bahia - SIDESP-BA

RODRIGO SARAIVA MARINHO 
Diretor Executivo do Instituto Livre Mercado

EDMILSON PEREIRA DE ASSIS 
Presidente da Federação Nacional das Empresas Prestadoras de Serviços de Limpeza e Conservação - Febrac

ALIPIO JOSE CASTELO BRANCO JUNIOR
Vice-Presidente de Assuntos Internacionais da Federação Nacional das Empresas de Segurança e Transporte de Valores - Fenavist",Audiência Pública,CTRAB,Convocada
2026-05-28T16:00:00.000Z,"Homenagem às vítimas do acidente aéreo da Associação Chapecoense de Futebol e em celebração à vida e superação dos sobreviventes brasileiros, no marco de dez anos da tragédia
 Homenagem às às vítimas do acidente aéreo da Associação Chapecoense de Futebol e em celebração à vida e superação dos sobreviventes brasileiros, no marco de dez anos da tragédia",Sessão Não Deliberativa Solene,PLEN,Agendada
2026-05-13T08:30:00.000Z,"Princípios e diretrizes para regulação de plataformas digitais
 TEMA: ""Princípios e diretrizes para regulação de plataformas digitais"" 
 

(REQ 11/2026 CDE, do deputado Jadyel Alencar)

Programação do evento:

Abertura

1) Deputado Jadyel Alencar, Presidente da Comissão de Desenvolvimento Econômico -CDE; 

2) Senador Alessandro Vieira;

3) Sr. Demi Getschko, Presidente do Núcleo de Informação e Coordenação do Ponto BR - NIC.br; 

4) Sra.Renata Mielli, Coordenadora do Comitê Gestor da Internet no Brasil - CGI.br. 


Painel I: Princípios e diretrizes para a regulação econômica e concorrencial de redes sociais

Moderador: Henrique Faulhaber, Conselheiro CGI.br

Painelistas:

1) Camila Leite, Pesquisadora da Universidade de São Paulo (USP); 

2) Carla Rodrigues, Coordenadora da Data Privacy; 

3) Sérgio Alves, Gerente de Políticas Públicas da Associação Latino-Americana de Internet - ALAI; 

4) Ana Maria Melo, Secretária-Adjunta de Reformas Econômicas do Ministério da Fazenda - MF

5) Deputado Aliel Machado, Relator do PL nº. 4.675/2025. 


Painel II: Princípios e diretrizes para regulação de redes sociais: abordagem baseada em direitos

Moderador: Rafael Evangelista, Conselheiro CGI.br. 

Painelistas:

1) Bia Barbosa, Coordenadora de Incidência da América Latina do Reporter Sem-Fronteiras; 

2) Rodolfo Salema , Diretor de Assuntos Legais e Regulatórios da Abert; 

3) Laura Schertel, Diretora de Pós-Gradução e Pesquisa do Instituto Brasileiro de Ensino, Desenvolvimento e Pesquisa - IDP; 

4) Victor Fernandes, Secretário Nacional de Direitos Digitais, do Ministério da Justiça e Segurança Pública - MJSP; 

5) Deputada Any Ortiz, Relatora do PL nº. 2.768/2020 sobre Mercados Digitais.",Outro Evento,CDE,Convocada
2026-06-17T11:00:00.000Z,"Homenagem aos 35 anos da Confederação Nacional dos Trabalhadores em Estabelecimentos de Ensino – CONTEE
 Homenagem aos 35 anos da Confederação Nacional dos Trabalhadores em Estabelecimentos de Ensino – CONTEE",Sessão Não Deliberativa Solene,PLEN,Agendada
