nome_deputado,uf,categoria,valor_gasto,z_score
Fausto Pinato,SP,COMBUSTÍVEIS E LUBRIFICANTES.,7599.22,3.8341
Fausto Pinato,SP,COMBUSTÍVEIS E LUBRIFICANTES.,6856.75,3.4122
Fausto Pinato,SP,COMBUSTÍVEIS E LUBRIFICANTES.,6853.44,3.4103
Fausto Pinato,SP,COMBUSTÍVEIS E LUBRIFICANTES.,6779.03,3.368
Filipe Martins,TO,COMBUSTÍVEIS E LUBRIFICANTES.,661.2,3.2611
Marangoni,SP,LOCAÇÃO OU FRETAMENTO DE VEÍCULOS AUTOMOTORES,14000,3.0288
Marangoni,SP,LOCAÇÃO OU FRETAMENTO DE VEÍCULOS AUTOMOTORES,14000,3.0288
Bohn Gass,RS,"SERVIÇO DE TÁXI, PEDÁGIO E ESTACIONAMENTO",71.27,3.0163
Welter,PR,COMBUSTÍVEIS E LUBRIFICANTES.,479.2,2.9861
Dagoberto Nogueira,MS,FORNECIMENTO DE ALIMENTAÇÃO DO PARLAMENTAR,227.13,2.9745
Sargento Portugal,RJ,COMBUSTÍVEIS E LUBRIFICANTES.,313,2.8134
Welter,PR,DIVULGAÇÃO DA ATIVIDADE PARLAMENTAR.,12000,2.8067
Gilberto Nascimento,SP,COMBUSTÍVEIS E LUBRIFICANTES.,5694.18,2.7516
Fausto Pinato,SP,TELEFONIA,616,2.6874
Bohn Gass,RS,"SERVIÇO DE TÁXI, PEDÁGIO E ESTACIONAMENTO",65.94,2.6557
Sargento Portugal,RJ,COMBUSTÍVEIS E LUBRIFICANTES.,303.52,2.5792
Gilberto Nascimento,SP,MANUTENÇÃO DE ESCRITÓRIO DE APOIO À ATIVIDADE PARLAMENTAR,10000,2.5347
Gilberto Nascimento,SP,MANUTENÇÃO DE ESCRITÓRIO DE APOIO À ATIVIDADE PARLAMENTAR,10000,2.5347
Gilberto Nascimento,SP,MANUTENÇÃO DE ESCRITÓRIO DE APOIO À ATIVIDADE PARLAMENTAR,10000,2.5347
Gilberto Nascimento,SP,MANUTENÇÃO DE ESCRITÓRIO DE APOIO À ATIVIDADE PARLAMENTAR,10000,2.5347
Welter,PR,COMBUSTÍVEIS E LUBRIFICANTES.,437.48,2.5047
Bohn Gass,RS,"SERVIÇO DE TÁXI, PEDÁGIO E ESTACIONAMENTO",63.29,2.4765
Bohn Gass,RS,"HOSPEDAGEM ,EXCETO DO PARLAMENTAR NO DISTRITO FEDERAL.",1425,2.4646
Welter,PR,COMBUSTÍVEIS E LUBRIFICANTES.,431.02,2.4301
Welter,PR,COMBUSTÍVEIS E LUBRIFICANTES.,430.9,2.4287
Fausto Pinato,SP,DIVULGAÇÃO DA ATIVIDADE PARLAMENTAR.,22000,2.3114
Pedro Paulo,RJ,MANUTENÇÃO DE ESCRITÓRIO DE APOIO À ATIVIDADE PARLAMENTAR,20176.8,2.2961
Dagoberto Nogueira,MS,COMBUSTÍVEIS E LUBRIFICANTES.,5131.77,2.2688
Pedro Paulo,RJ,MANUTENÇÃO DE ESCRITÓRIO DE APOIO À ATIVIDADE PARLAMENTAR,19764,2.2364
Dagoberto Nogueira,MS,COMBUSTÍVEIS E LUBRIFICANTES.,4919.66,2.1473
Marangoni,SP,COMBUSTÍVEIS E LUBRIFICANTES.,4585.84,2.1218
Pedro Paulo,RJ,MANUTENÇÃO DE ESCRITÓRIO DE APOIO À ATIVIDADE PARLAMENTAR,18631.4,2.0726
Welter,PR,FORNECIMENTO DE ALIMENTAÇÃO DO PARLAMENTAR,123,2.0704
Marangoni,SP,COMBUSTÍVEIS E LUBRIFICANTES.,4463.98,2.0526
Pedro Paulo,RJ,MANUTENÇÃO DE ESCRITÓRIO DE APOIO À ATIVIDADE PARLAMENTAR,18458.4,2.0476
Fausto Pinato,SP,DIVULGAÇÃO DA ATIVIDADE PARLAMENTAR.,20000,1.9779
Gilberto Nascimento,SP,COMBUSTÍVEIS E LUBRIFICANTES.,4322.01,1.9719
Filipe Martins,TO,DIVULGAÇÃO DA ATIVIDADE PARLAMENTAR.,29700,1.961
Damião Feliciano,PB,PASSAGEM AÉREA - SIGEPA,2929.48,1.9597
Damião Feliciano,PB,PASSAGEM AÉREA - SIGEPA,2929.48,1.9597
Bohn Gass,RS,COMBUSTÍVEIS E LUBRIFICANTES.,350.36,1.8937
Filipe Martins,TO,COMBUSTÍVEIS E LUBRIFICANTES.,500.02,1.8914
Filipe Martins,TO,COMBUSTÍVEIS E LUBRIFICANTES.,494.92,1.848
Bohn Gass,RS,"SERVIÇO DE TÁXI, PEDÁGIO E ESTACIONAMENTO",53.63,1.823
Marangoni,SP,COMBUSTÍVEIS E LUBRIFICANTES.,4055.42,1.8204
Dagoberto Nogueira,MS,MANUTENÇÃO DE ESCRITÓRIO DE APOIO À ATIVIDADE PARLAMENTAR,6071.01,1.8101
Dagoberto Nogueira,MS,MANUTENÇÃO DE ESCRITÓRIO DE APOIO À ATIVIDADE PARLAMENTAR,6071.01,1.8101
Dagoberto Nogueira,MS,MANUTENÇÃO DE ESCRITÓRIO DE APOIO À ATIVIDADE PARLAMENTAR,6069.14,1.8093
Dagoberto Nogueira,MS,MANUTENÇÃO DE ESCRITÓRIO DE APOIO À ATIVIDADE PARLAMENTAR,6069.01,1.8092
Bohn Gass,RS,"SERVIÇO DE TÁXI, PEDÁGIO E ESTACIONAMENTO",53.26,1.798
Marangoni,SP,COMBUSTÍVEIS E LUBRIFICANTES.,4000,1.7889
Marangoni,SP,COMBUSTÍVEIS E LUBRIFICANTES.,4000,1.7889
Welter,PR,COMBUSTÍVEIS E LUBRIFICANTES.,375.35,1.7877
Bohn Gass,RS,"SERVIÇO DE TÁXI, PEDÁGIO E ESTACIONAMENTO",52.65,1.7567
Gilberto Nascimento,SP,COMBUSTÍVEIS E LUBRIFICANTES.,3920.51,1.7438
Pedro Paulo,RJ,MANUTENÇÃO DE ESCRITÓRIO DE APOIO À ATIVIDADE PARLAMENTAR,16291,1.7341
Pedro Paulo,RJ,MANUTENÇÃO DE ESCRITÓRIO DE APOIO À ATIVIDADE PARLAMENTAR,16291,1.7341
Damião Feliciano,PB,PASSAGEM AÉREA - SIGEPA,2711.41,1.7335
Gilberto Nascimento,SP,COMBUSTÍVEIS E LUBRIFICANTES.,3836.21,1.6959
Damião Feliciano,PB,PASSAGEM AÉREA - SIGEPA,2674.06,1.6948
Filipe Martins,TO,MANUTENÇÃO DE ESCRITÓRIO DE APOIO À ATIVIDADE PARLAMENTAR,6000,1.621
Filipe Martins,TO,MANUTENÇÃO DE ESCRITÓRIO DE APOIO À ATIVIDADE PARLAMENTAR,6000,1.621
Filipe Martins,TO,MANUTENÇÃO DE ESCRITÓRIO DE APOIO À ATIVIDADE PARLAMENTAR,6000,1.621
Filipe Martins,TO,MANUTENÇÃO DE ESCRITÓRIO DE APOIO À ATIVIDADE PARLAMENTAR,6000,1.621
Filipe Martins,TO,MANUTENÇÃO DE ESCRITÓRIO DE APOIO À ATIVIDADE PARLAMENTAR,6000,1.621
Welter,PR,MANUTENÇÃO DE ESCRITÓRIO DE APOIO À ATIVIDADE PARLAMENTAR,2388.9,1.6117
Welter,PR,MANUTENÇÃO DE ESCRITÓRIO DE APOIO À ATIVIDADE PARLAMENTAR,2388.9,1.6117
Marangoni,SP,PASSAGEM AÉREA - SIGEPA,3020.81,1.5981
Fausto Pinato,SP,PASSAGEM AÉREA - SIGEPA,3020.04,1.5976
Marangoni,SP,PASSAGEM AÉREA - SIGEPA,3020.04,1.5976
Marangoni,SP,PASSAGEM AÉREA - SIGEPA,3020.04,1.5976
Marangoni,SP,PASSAGEM AÉREA - SIGEPA,2982.13,1.5716
Welter,PR,"HOSPEDAGEM ,EXCETO DO PARLAMENTAR NO DISTRITO FEDERAL.",390,1.5643
Welter,PR,DIVULGAÇÃO DA ATIVIDADE PARLAMENTAR.,7557.14,1.475
Welter,PR,COMBUSTÍVEIS E LUBRIFICANTES.,347.02,1.4608
Damião Feliciano,PB,PASSAGEM AÉREA - SIGEPA,2446.42,1.4587
Damião Feliciano,PB,PASSAGEM AÉREA - SIGEPA,2409.07,1.42
Welter,PR,"HOSPEDAGEM ,EXCETO DO PARLAMENTAR NO DISTRITO FEDERAL.",378,1.4173
Welter,PR,COMBUSTÍVEIS E LUBRIFICANTES.,342,1.4029
Dagoberto Nogueira,MS,MANUTENÇÃO DE ESCRITÓRIO DE APOIO À ATIVIDADE PARLAMENTAR,5101.55,1.393
Filipe Martins,TO,COMBUSTÍVEIS E LUBRIFICANTES.,440.74,1.3876
Dagoberto Nogueira,MS,PASSAGEM AÉREA - SIGEPA,3020.04,1.3511
Dagoberto Nogueira,MS,PASSAGEM AÉREA - SIGEPA,3011.74,1.3467
Marangoni,SP,PASSAGEM AÉREA - SIGEPA,2648.11,1.3429
Dagoberto Nogueira,MS,COMBUSTÍVEIS E LUBRIFICANTES.,3474,1.319
Bohn Gass,RS,COMBUSTÍVEIS E LUBRIFICANTES.,331.3,1.3096
Damião Feliciano,PB,PASSAGEM AÉREA - SIGEPA,2291.57,1.2981
Welter,PR,FORNECIMENTO DE ALIMENTAÇÃO DO PARLAMENTAR,98,1.2948
Damião Feliciano,PB,DIVULGAÇÃO DA ATIVIDADE PARLAMENTAR.,20000,1.291
Damião Feliciano,PB,DIVULGAÇÃO DA ATIVIDADE PARLAMENTAR.,20000,1.291
Pedro Paulo,RJ,PASSAGEM AÉREA - SIGEPA,3038.82,1.2752
Damião Feliciano,PB,PASSAGEM AÉREA - SIGEPA,2263.9,1.2694
Pedro Paulo,RJ,PASSAGEM AÉREA - SIGEPA,3020.04,1.2626
Pedro Paulo,RJ,PASSAGEM AÉREA - SIGEPA,3016.32,1.2601
Pedro Paulo,RJ,PASSAGEM AÉREA - SIGEPA,3011.74,1.257
Fausto Pinato,SP,"SERVIÇO DE TÁXI, PEDÁGIO E ESTACIONAMENTO",2566.27,1.2533
Pedro Paulo,RJ,PASSAGEM AÉREA - SIGEPA,2995.05,1.2458
Dagoberto Nogueira,MS,PASSAGEM AÉREA - SIGEPA,2803.77,1.2351
Pedro Paulo,RJ,PASSAGEM AÉREA - SIGEPA,2952.25,1.217
Pedro Paulo,RJ,PASSAGEM AÉREA - SIGEPA,2951.58,1.2166
Sargento Portugal,RJ,DIVULGAÇÃO DA ATIVIDADE PARLAMENTAR.,10280,1.2149
Damião Feliciano,PB,PASSAGEM AÉREA - SIGEPA,2207.49,1.2109
Filipe Martins,TO,COMBUSTÍVEIS E LUBRIFICANTES.,419.34,1.2057
Bohn Gass,RS,"SERVIÇO DE TÁXI, PEDÁGIO E ESTACIONAMENTO",44.44,1.2013
Damião Feliciano,PB,PASSAGEM AÉREA - SIGEPA,2186.27,1.1889
Welter,PR,COMBUSTÍVEIS E LUBRIFICANTES.,319.72,1.1458
Pedro Paulo,RJ,DIVULGAÇÃO DA ATIVIDADE PARLAMENTAR.,10000,1.1273
Pedro Paulo,RJ,DIVULGAÇÃO DA ATIVIDADE PARLAMENTAR.,10000,1.1273
Filipe Martins,TO,COMBUSTÍVEIS E LUBRIFICANTES.,410.11,1.1273
Pedro Paulo,RJ,DIVULGAÇÃO DA ATIVIDADE PARLAMENTAR.,10000,1.1273
Pedro Paulo,RJ,DIVULGAÇÃO DA ATIVIDADE PARLAMENTAR.,10000,1.1273
Filipe Martins,TO,COMBUSTÍVEIS E LUBRIFICANTES.,410.08,1.1271
Damião Feliciano,PB,PASSAGEM AÉREA - SIGEPA,2112.41,1.1123
Damião Feliciano,PB,PASSAGEM AÉREA - SIGEPA,2112.41,1.1123
Gilberto Nascimento,SP,PASSAGEM AÉREA - SIGEPA,2259.39,1.0767
Marangoni,SP,PASSAGEM AÉREA - SIGEPA,2257.18,1.0752
Dagoberto Nogueira,MS,"HOSPEDAGEM ,EXCETO DO PARLAMENTAR NO DISTRITO FEDERAL.",469.57,1.0675
Filipe Martins,TO,COMBUSTÍVEIS E LUBRIFICANTES.,400,1.0414
Filipe Martins,TO,COMBUSTÍVEIS E LUBRIFICANTES.,400,1.0414
Pedro Paulo,RJ,PASSAGEM AÉREA - SIGEPA,2681.31,1.0349
Fausto Pinato,SP,PASSAGEM AÉREA - SIGEPA,2186.27,1.0267
Pedro Paulo,RJ,PASSAGEM AÉREA - SIGEPA,2652.78,1.0157
Welter,PR,COMBUSTÍVEIS E LUBRIFICANTES.,306.78,0.9965
Bohn Gass,RS,PASSAGEM AÉREA - SIGEPA,2617.4,0.9919
Bohn Gass,RS,"SERVIÇO DE TÁXI, PEDÁGIO E ESTACIONAMENTO",41.29,0.9883
Damião Feliciano,PB,PASSAGEM AÉREA - SIGEPA,1990.84,0.9862
Dagoberto Nogueira,MS,DIVULGAÇÃO DA ATIVIDADE PARLAMENTAR.,8500,0.9717
Dagoberto Nogueira,MS,DIVULGAÇÃO DA ATIVIDADE PARLAMENTAR.,8500,0.9717
Dagoberto Nogueira,MS,DIVULGAÇÃO DA ATIVIDADE PARLAMENTAR.,8500,0.9717
Filipe Martins,TO,COMBUSTÍVEIS E LUBRIFICANTES.,391.17,0.9664
Gilberto Nascimento,SP,PASSAGEM AÉREA - SIGEPA,2089.52,0.9604
Filipe Martins,TO,COMBUSTÍVEIS E LUBRIFICANTES.,390.01,0.9565
Filipe Martins,TO,COMBUSTÍVEIS E LUBRIFICANTES.,390,0.9564
Pedro Paulo,RJ,PASSAGEM AÉREA - SIGEPA,2558.69,0.9525
Damião Feliciano,PB,PASSAGEM AÉREA - SIGEPA,1942.61,0.9362
Fausto Pinato,SP,PASSAGEM AÉREA - SIGEPA,1975.15,0.8821
Filipe Martins,TO,COMBUSTÍVEIS E LUBRIFICANTES.,380.72,0.8775
Dagoberto Nogueira,MS,TELEFONIA,1563.36,0.8764
Bohn Gass,RS,COMBUSTÍVEIS E LUBRIFICANTES.,317,0.8714
Dagoberto Nogueira,MS,TELEFONIA,1556.4,0.8668
Fausto Pinato,SP,PASSAGEM AÉREA - SIGEPA,1947.95,0.8635
Bohn Gass,RS,DIVULGAÇÃO DA ATIVIDADE PARLAMENTAR.,7500,0.8594
Bohn Gass,RS,DIVULGAÇÃO DA ATIVIDADE PARLAMENTAR.,7500,0.8594
Bohn Gass,RS,MANUTENÇÃO DE ESCRITÓRIO DE APOIO À ATIVIDADE PARLAMENTAR,5642.51,0.8556
Bohn Gass,RS,MANUTENÇÃO DE ESCRITÓRIO DE APOIO À ATIVIDADE PARLAMENTAR,5633.9,0.8523
Dagoberto Nogueira,MS,DIVULGAÇÃO DA ATIVIDADE PARLAMENTAR.,8000,0.8444
Dagoberto Nogueira,MS,DIVULGAÇÃO DA ATIVIDADE PARLAMENTAR.,8000,0.8444
Dagoberto Nogueira,MS,DIVULGAÇÃO DA ATIVIDADE PARLAMENTAR.,8000,0.8444
Dagoberto Nogueira,MS,DIVULGAÇÃO DA ATIVIDADE PARLAMENTAR.,8000,0.8444
Dagoberto Nogueira,MS,DIVULGAÇÃO DA ATIVIDADE PARLAMENTAR.,8000,0.8444
Bohn Gass,RS,MANUTENÇÃO DE ESCRITÓRIO DE APOIO À ATIVIDADE PARLAMENTAR,5610.07,0.8434
Filipe Martins,TO,COMBUSTÍVEIS E LUBRIFICANTES.,376.02,0.8376
Dagoberto Nogueira,MS,TELEFONIA,1534.49,0.8364
Sargento Portugal,RJ,"SERVIÇO DE TÁXI, PEDÁGIO E ESTACIONAMENTO",21,0.8301
Sargento Portugal,RJ,"SERVIÇO DE TÁXI, PEDÁGIO E ESTACIONAMENTO",21,0.8301
Sargento Portugal,RJ,"SERVIÇO DE TÁXI, PEDÁGIO E ESTACIONAMENTO",21,0.8301
Sargento Portugal,RJ,"SERVIÇO DE TÁXI, PEDÁGIO E ESTACIONAMENTO",21,0.8301
Sargento Portugal,RJ,"SERVIÇO DE TÁXI, PEDÁGIO E ESTACIONAMENTO",21,0.8301
Sargento Portugal,RJ,"SERVIÇO DE TÁXI, PEDÁGIO E ESTACIONAMENTO",21,0.8301
Sargento Portugal,RJ,"SERVIÇO DE TÁXI, PEDÁGIO E ESTACIONAMENTO",21,0.8301
Sargento Portugal,RJ,"SERVIÇO DE TÁXI, PEDÁGIO E ESTACIONAMENTO",21,0.8301
Sargento Portugal,RJ,"SERVIÇO DE TÁXI, PEDÁGIO E ESTACIONAMENTO",21,0.8301
Sargento Portugal,RJ,"SERVIÇO DE TÁXI, PEDÁGIO E ESTACIONAMENTO",21,0.8301
Sargento Portugal,RJ,"SERVIÇO DE TÁXI, PEDÁGIO E ESTACIONAMENTO",21,0.8301
Sargento Portugal,RJ,"SERVIÇO DE TÁXI, PEDÁGIO E ESTACIONAMENTO",21,0.8301
Gilberto Nascimento,SP,PASSAGEM AÉREA - SIGEPA,1892.21,0.8253
Filipe Martins,TO,COMBUSTÍVEIS E LUBRIFICANTES.,374.06,0.8209
Dagoberto Nogueira,MS,TELEFONIA,1522.51,0.8197
Pedro Paulo,RJ,PASSAGEM AÉREA - SIGEPA,2356.07,0.8163
Dagoberto Nogueira,MS,TELEFONIA,1519.51,0.8156
Fausto Pinato,SP,PASSAGEM AÉREA - SIGEPA,1873.72,0.8126
Pedro Paulo,RJ,PASSAGEM AÉREA - SIGEPA,2333.41,0.801
Marangoni,SP,PASSAGEM AÉREA - SIGEPA,1844.82,0.7928
Marangoni,SP,PASSAGEM AÉREA - SIGEPA,1844.82,0.7928
Marangoni,SP,PASSAGEM AÉREA - SIGEPA,1832.22,0.7842
Gilberto Nascimento,SP,PASSAGEM AÉREA - SIGEPA,1824.21,0.7787
Filipe Martins,TO,COMBUSTÍVEIS E LUBRIFICANTES.,367.26,0.7632
Sargento Portugal,RJ,PASSAGEM AÉREA - SIGEPA,2273.47,0.7607
Dagoberto Nogueira,MS,FORNECIMENTO DE ALIMENTAÇÃO DO PARLAMENTAR,129.9,0.7587
Filipe Martins,TO,PASSAGEM AÉREA - SIGEPA,3020.04,0.7467
Welter,PR,COMBUSTÍVEIS E LUBRIFICANTES.,283.99,0.7335
Pedro Paulo,RJ,LOCAÇÃO OU FRETAMENTO DE VEÍCULOS AUTOMOTORES,11503,0.7303
Dagoberto Nogueira,MS,LOCAÇÃO OU FRETAMENTO DE VEÍCULOS AUTOMOTORES,15775,0.7303
Dagoberto Nogueira,MS,LOCAÇÃO OU FRETAMENTO DE VEÍCULOS AUTOMOTORES,15775,0.7303
Pedro Paulo,RJ,LOCAÇÃO OU FRETAMENTO DE VEÍCULOS AUTOMOTORES,11503,0.7303
Dagoberto Nogueira,MS,LOCAÇÃO OU FRETAMENTO DE VEÍCULOS AUTOMOTORES,15775,0.7303
Pedro Paulo,RJ,LOCAÇÃO OU FRETAMENTO DE VEÍCULOS AUTOMOTORES,11503,0.7303
Pedro Paulo,RJ,PASSAGEM AÉREA - SIGEPA,2213.35,0.7203
Bohn Gass,RS,"SERVIÇO DE TÁXI, PEDÁGIO E ESTACIONAMENTO",37.23,0.7136
Welter,PR,DIVULGAÇÃO DA ATIVIDADE PARLAMENTAR.,5000,0.7085
Filipe Martins,TO,"HOSPEDAGEM ,EXCETO DO PARLAMENTAR NO DISTRITO FEDERAL.",270,0.7071
Damião Feliciano,PB,COMBUSTÍVEIS E LUBRIFICANTES.,8920.93,0.7071
Bohn Gass,RS,TELEFONIA,217.11,0.7071
Bohn Gass,RS,MANUTENÇÃO DE ESCRITÓRIO DE APOIO À ATIVIDADE PARLAMENTAR,5240,0.7044
Bohn Gass,RS,MANUTENÇÃO DE ESCRITÓRIO DE APOIO À ATIVIDADE PARLAMENTAR,5240,0.7044
Filipe Martins,TO,COMBUSTÍVEIS E LUBRIFICANTES.,360.05,0.7019
Filipe Martins,TO,COMBUSTÍVEIS E LUBRIFICANTES.,360.03,0.7017
Filipe Martins,TO,COMBUSTÍVEIS E LUBRIFICANTES.,360,0.7015
Bohn Gass,RS,"SERVIÇO DE TÁXI, PEDÁGIO E ESTACIONAMENTO",37.03,0.7001
Bohn Gass,RS,"SERVIÇO DE TÁXI, PEDÁGIO E ESTACIONAMENTO",36.76,0.6818
Marangoni,SP,PASSAGEM AÉREA - SIGEPA,1674.52,0.6762
Bohn Gass,RS,MANUTENÇÃO DE ESCRITÓRIO DE APOIO À ATIVIDADE PARLAMENTAR,5160.24,0.6745
Bohn Gass,RS,COMBUSTÍVEIS E LUBRIFICANTES.,310.34,0.6673
Sargento Portugal,RJ,COMBUSTÍVEIS E LUBRIFICANTES.,226.01,0.6648
Gilberto Nascimento,SP,PASSAGEM AÉREA - SIGEPA,1639.19,0.652
Marangoni,SP,PASSAGEM AÉREA - SIGEPA,1633.18,0.6479
Marangoni,SP,DIVULGAÇÃO DA ATIVIDADE PARLAMENTAR.,12000,0.6437
Pedro Paulo,RJ,PASSAGEM AÉREA - SIGEPA,2057.15,0.6153
Welter,PR,FORNECIMENTO DE ALIMENTAÇÃO DO PARLAMENTAR,76.08,0.6147
Gilberto Nascimento,SP,COMBUSTÍVEIS E LUBRIFICANTES.,1918.42,0.6061
Gilberto Nascimento,SP,PASSAGEM AÉREA - SIGEPA,1565.41,0.6015
Fausto Pinato,SP,MANUTENÇÃO DE ESCRITÓRIO DE APOIO À ATIVIDADE PARLAMENTAR,4360.74,0.5989
Fausto Pinato,SP,MANUTENÇÃO DE ESCRITÓRIO DE APOIO À ATIVIDADE PARLAMENTAR,4360.74,0.5989
Fausto Pinato,SP,MANUTENÇÃO DE ESCRITÓRIO DE APOIO À ATIVIDADE PARLAMENTAR,4360.74,0.5989
Fausto Pinato,SP,PASSAGEM AÉREA - SIGEPA,1559.15,0.5972
Fausto Pinato,SP,PASSAGEM AÉREA - SIGEPA,1559.15,0.5972
Dagoberto Nogueira,MS,"HOSPEDAGEM ,EXCETO DO PARLAMENTAR NO DISTRITO FEDERAL.",438,0.5952
Pedro Paulo,RJ,PASSAGEM AÉREA - SIGEPA,2021.15,0.5911
Sargento Portugal,RJ,COMBUSTÍVEIS E LUBRIFICANTES.,222.99,0.5902
Marangoni,SP,PASSAGEM AÉREA - SIGEPA,1511.14,0.5643
Bohn Gass,RS,"SERVIÇO DE TÁXI, PEDÁGIO E ESTACIONAMENTO",34.88,0.5547
Sargento Portugal,RJ,COMBUSTÍVEIS E LUBRIFICANTES.,221.4,0.5509
Fausto Pinato,SP,PASSAGEM AÉREA - SIGEPA,1485.97,0.5471
Fausto Pinato,SP,PASSAGEM AÉREA - SIGEPA,1485.97,0.5471
Pedro Paulo,RJ,PASSAGEM AÉREA - SIGEPA,1952.88,0.5452
Welter,PR,COMBUSTÍVEIS E LUBRIFICANTES.,267.23,0.5402
Sargento Portugal,RJ,PASSAGEM AÉREA - SIGEPA,1943.13,0.5387
Gilberto Nascimento,SP,PASSAGEM AÉREA - SIGEPA,1472,0.5375
Bohn Gass,RS,"SERVIÇO DE TÁXI, PEDÁGIO E ESTACIONAMENTO",34.52,0.5303
Sargento Portugal,RJ,COMBUSTÍVEIS E LUBRIFICANTES.,220.55,0.5299
Damião Feliciano,PB,PASSAGEM AÉREA - SIGEPA,1536.85,0.5154
Damião Feliciano,PB,PASSAGEM AÉREA - SIGEPA,1521.97,0.4999
Bohn Gass,RS,COMBUSTÍVEIS E LUBRIFICANTES.,304.85,0.4991
Damião Feliciano,PB,PASSAGEM AÉREA - SIGEPA,1515.63,0.4934
Dagoberto Nogueira,MS,PASSAGEM AÉREA - SIGEPA,1417.22,0.4914
Sargento Portugal,RJ,COMBUSTÍVEIS E LUBRIFICANTES.,218.71,0.4845
Pedro Paulo,RJ,PASSAGEM AÉREA - SIGEPA,1860.13,0.4829
Dagoberto Nogueira,MS,COMBUSTÍVEIS E LUBRIFICANTES.,2006.11,0.4779
Damião Feliciano,PB,PASSAGEM AÉREA - SIGEPA,1494.41,0.4714
Dagoberto Nogueira,MS,PASSAGEM AÉREA - SIGEPA,1360.43,0.4609
Welter,PR,COMBUSTÍVEIS E LUBRIFICANTES.,260.06,0.4574
Bohn Gass,RS,DIVULGAÇÃO DA ATIVIDADE PARLAMENTAR.,5940,0.4396
Sargento Portugal,RJ,COMBUSTÍVEIS E LUBRIFICANTES.,215.32,0.4008
Filipe Martins,TO,COMBUSTÍVEIS E LUBRIFICANTES.,324.33,0.3983
Pedro Paulo,RJ,PASSAGEM AÉREA - SIGEPA,1726.69,0.3932
Damião Feliciano,PB,PASSAGEM AÉREA - SIGEPA,1416.72,0.3908
Filipe Martins,TO,PASSAGEM AÉREA - SIGEPA,2000.5,0.3716
Filipe Martins,TO,COMBUSTÍVEIS E LUBRIFICANTES.,320.38,0.3648
Filipe Martins,TO,COMBUSTÍVEIS E LUBRIFICANTES.,320.03,0.3618
Fausto Pinato,SP,"SERVIÇO DE TÁXI, PEDÁGIO E ESTACIONAMENTO",2265.51,0.3585
Filipe Martins,TO,PASSAGEM AÉREA - SIGEPA,1961.04,0.3571
Bohn Gass,RS,COMBUSTÍVEIS E LUBRIFICANTES.,300.05,0.352
Bohn Gass,RS,COMBUSTÍVEIS E LUBRIFICANTES.,299.86,0.3462
Welter,PR,COMBUSTÍVEIS E LUBRIFICANTES.,250.15,0.3431
Welter,PR,COMBUSTÍVEIS E LUBRIFICANTES.,250.02,0.3416
Welter,PR,"HOSPEDAGEM ,EXCETO DO PARLAMENTAR NO DISTRITO FEDERAL.",290,0.3391
Fausto Pinato,SP,MANUTENÇÃO DE ESCRITÓRIO DE APOIO À ATIVIDADE PARLAMENTAR,3600,0.3378
Fausto Pinato,SP,MANUTENÇÃO DE ESCRITÓRIO DE APOIO À ATIVIDADE PARLAMENTAR,3600,0.3378
Filipe Martins,TO,COMBUSTÍVEIS E LUBRIFICANTES.,316.4,0.3309
Sargento Portugal,RJ,COMBUSTÍVEIS E LUBRIFICANTES.,211.87,0.3156
Fausto Pinato,SP,DIVULGAÇÃO DA ATIVIDADE PARLAMENTAR.,10000,0.3101
Gilberto Nascimento,SP,DIVULGAÇÃO DA ATIVIDADE PARLAMENTAR.,10000,0.3101
Fausto Pinato,SP,DIVULGAÇÃO DA ATIVIDADE PARLAMENTAR.,10000,0.3101
Gilberto Nascimento,SP,DIVULGAÇÃO DA ATIVIDADE PARLAMENTAR.,10000,0.3101
Fausto Pinato,SP,DIVULGAÇÃO DA ATIVIDADE PARLAMENTAR.,10000,0.3101
Gilberto Nascimento,SP,DIVULGAÇÃO DA ATIVIDADE PARLAMENTAR.,10000,0.3101
Gilberto Nascimento,SP,DIVULGAÇÃO DA ATIVIDADE PARLAMENTAR.,10000,0.3101
Fausto Pinato,SP,DIVULGAÇÃO DA ATIVIDADE PARLAMENTAR.,10000,0.3101
Filipe Martins,TO,COMBUSTÍVEIS E LUBRIFICANTES.,312.75,0.2999
Bohn Gass,RS,COMBUSTÍVEIS E LUBRIFICANTES.,298.33,0.2993
Gilberto Nascimento,SP,TELEFONIA,381.41,0.2785
Filipe Martins,TO,COMBUSTÍVEIS E LUBRIFICANTES.,310,0.2766
Bohn Gass,RS,"SERVIÇO DE TÁXI, PEDÁGIO E ESTACIONAMENTO",30.68,0.2705
Marangoni,SP,PASSAGEM AÉREA - SIGEPA,1061.61,0.2565
Bohn Gass,RS,"SERVIÇO DE TÁXI, PEDÁGIO E ESTACIONAMENTO",30.45,0.255
Gilberto Nascimento,SP,LOCAÇÃO OU FRETAMENTO DE VEÍCULOS AUTOMOTORES,6500,0.2509
Gilberto Nascimento,SP,LOCAÇÃO OU FRETAMENTO DE VEÍCULOS AUTOMOTORES,6500,0.2509
Gilberto Nascimento,SP,LOCAÇÃO OU FRETAMENTO DE VEÍCULOS AUTOMOTORES,6500,0.2509
Gilberto Nascimento,SP,LOCAÇÃO OU FRETAMENTO DE VEÍCULOS AUTOMOTORES,6500,0.2509
Gilberto Nascimento,SP,LOCAÇÃO OU FRETAMENTO DE VEÍCULOS AUTOMOTORES,6500,0.2509
Gilberto Nascimento,SP,LOCAÇÃO OU FRETAMENTO DE VEÍCULOS AUTOMOTORES,6500,0.2509
Sargento Portugal,RJ,COMBUSTÍVEIS E LUBRIFICANTES.,208.89,0.242
Filipe Martins,TO,COMBUSTÍVEIS E LUBRIFICANTES.,305.14,0.2352
Sargento Portugal,RJ,COMBUSTÍVEIS E LUBRIFICANTES.,208.39,0.2296
Welter,PR,COMBUSTÍVEIS E LUBRIFICANTES.,239.63,0.2217
Sargento Portugal,RJ,COMBUSTÍVEIS E LUBRIFICANTES.,208.04,0.221
Bohn Gass,RS,PASSAGEM AÉREA - SIGEPA,1513.49,0.2177
Filipe Martins,TO,COMBUSTÍVEIS E LUBRIFICANTES.,303.01,0.2171
Filipe Martins,TO,COMBUSTÍVEIS E LUBRIFICANTES.,300.01,0.1917
Filipe Martins,TO,COMBUSTÍVEIS E LUBRIFICANTES.,300.02,0.1917
Filipe Martins,TO,COMBUSTÍVEIS E LUBRIFICANTES.,300,0.1916
Filipe Martins,TO,COMBUSTÍVEIS E LUBRIFICANTES.,300,0.1916
Filipe Martins,TO,COMBUSTÍVEIS E LUBRIFICANTES.,300,0.1916
Bohn Gass,RS,PASSAGEM AÉREA - SIGEPA,1462.04,0.1816
Damião Feliciano,PB,PASSAGEM AÉREA - SIGEPA,1214.87,0.1814
Welter,PR,COMBUSTÍVEIS E LUBRIFICANTES.,234.17,0.1587
Welter,PR,COMBUSTÍVEIS E LUBRIFICANTES.,233.66,0.1528
Welter,PR,COMBUSTÍVEIS E LUBRIFICANTES.,232.41,0.1384
Welter,PR,COMBUSTÍVEIS E LUBRIFICANTES.,232.19,0.1358
Welter,PR,COMBUSTÍVEIS E LUBRIFICANTES.,231.79,0.1312
Damião Feliciano,PB,PASSAGEM AÉREA - SIGEPA,1166.12,0.1309
Dagoberto Nogueira,MS,FORNECIMENTO DE ALIMENTAÇÃO DO PARLAMENTAR,102.23,0.1281
Dagoberto Nogueira,MS,FORNECIMENTO DE ALIMENTAÇÃO DO PARLAMENTAR,102.23,0.1281
Gilberto Nascimento,SP,TELEFONIA,366.07,0.121
Bohn Gass,RS,COMBUSTÍVEIS E LUBRIFICANTES.,292.48,0.12
Filipe Martins,TO,COMBUSTÍVEIS E LUBRIFICANTES.,291.35,0.1181
Welter,PR,COMBUSTÍVEIS E LUBRIFICANTES.,230.04,0.111
Sargento Portugal,RJ,PASSAGEM AÉREA - SIGEPA,1303.2,0.1085
Filipe Martins,TO,COMBUSTÍVEIS E LUBRIFICANTES.,290.02,0.1068
Bohn Gass,RS,COMBUSTÍVEIS E LUBRIFICANTES.,291.95,0.1038
Filipe Martins,TO,COMBUSTÍVEIS E LUBRIFICANTES.,289.5,0.1023
Filipe Martins,TO,DIVULGAÇÃO DA ATIVIDADE PARLAMENTAR.,9900,0.0995
Sargento Portugal,RJ,PASSAGEM AÉREA - SIGEPA,1288.57,0.0987
Dagoberto Nogueira,MS,FORNECIMENTO DE ALIMENTAÇÃO DO PARLAMENTAR,100.88,0.0973
Welter,PR,FORNECIMENTO DE ALIMENTAÇÃO DO PARLAMENTAR,59.3,0.0941
Welter,PR,COMBUSTÍVEIS E LUBRIFICANTES.,228.01,0.0876
Marangoni,SP,MANUTENÇÃO DE ESCRITÓRIO DE APOIO À ATIVIDADE PARLAMENTAR,2843.63,0.0782
Marangoni,SP,MANUTENÇÃO DE ESCRITÓRIO DE APOIO À ATIVIDADE PARLAMENTAR,2843.63,0.0782
Marangoni,SP,MANUTENÇÃO DE ESCRITÓRIO DE APOIO À ATIVIDADE PARLAMENTAR,2843.63,0.0782
Damião Feliciano,PB,PASSAGEM AÉREA - SIGEPA,1112.61,0.0754
Sargento Portugal,RJ,COMBUSTÍVEIS E LUBRIFICANTES.,201.96,0.0708
Bohn Gass,RS,COMBUSTÍVEIS E LUBRIFICANTES.,290.46,0.0581
Bohn Gass,RS,COMBUSTÍVEIS E LUBRIFICANTES.,290.32,0.0538
Welter,PR,FORNECIMENTO DE ALIMENTAÇÃO DO PARLAMENTAR,58,0.0537
Marangoni,SP,PASSAGEM AÉREA - SIGEPA,756.76,0.0478
Marangoni,SP,PASSAGEM AÉREA - SIGEPA,756.76,0.0478
Marangoni,SP,PASSAGEM AÉREA - SIGEPA,756.76,0.0478
Marangoni,SP,PASSAGEM AÉREA - SIGEPA,756.76,0.0478
Marangoni,SP,PASSAGEM AÉREA - SIGEPA,756.76,0.0478
Welter,PR,COMBUSTÍVEIS E LUBRIFICANTES.,224.52,0.0473
Pedro Paulo,RJ,PASSAGEM AÉREA - SIGEPA,1192.43,0.0341
Dagoberto Nogueira,MS,FORNECIMENTO DE ALIMENTAÇÃO DO PARLAMENTAR,97.9,0.0294
Sargento Portugal,RJ,PASSAGEM AÉREA - SIGEPA,1184.82,0.029
Marangoni,SP,PASSAGEM AÉREA - SIGEPA,727.49,0.0277
Sargento Portugal,RJ,COMBUSTÍVEIS E LUBRIFICANTES.,200,0.0224
Filipe Martins,TO,COMBUSTÍVEIS E LUBRIFICANTES.,280,0.0216
Damião Feliciano,PB,PASSAGEM AÉREA - SIGEPA,1060.32,0.0212
Damião Feliciano,PB,PASSAGEM AÉREA - SIGEPA,1055.82,0.0165
Bohn Gass,RS,"SERVIÇO DE TÁXI, PEDÁGIO E ESTACIONAMENTO",26.92,0.0162
Sargento Portugal,RJ,PASSAGEM AÉREA - SIGEPA,1153.8,0.0081
Marangoni,SP,PASSAGEM AÉREA - SIGEPA,698.44,0.0078
Dagoberto Nogueira,MS,FORNECIMENTO DE ALIMENTAÇÃO DO PARLAMENTAR,96.91,0.0069
Welter,PR,COMBUSTÍVEIS E LUBRIFICANTES.,220.9,0.0056
Pedro Paulo,RJ,PASSAGEM AÉREA - SIGEPA,1144.06,0.0016
Filipe Martins,TO,LOCAÇÃO OU FRETAMENTO DE VEÍCULOS AUTOMOTORES,11800,0
Dagoberto Nogueira,MS,SERVIÇO DE SEGURANÇA PRESTADO POR EMPRESA ESPECIALIZADA.,400,0
Dagoberto Nogueira,MS,SERVIÇO DE SEGURANÇA PRESTADO POR EMPRESA ESPECIALIZADA.,400,0
Dagoberto Nogueira,MS,SERVIÇO DE SEGURANÇA PRESTADO POR EMPRESA ESPECIALIZADA.,400,0
Damião Feliciano,PB,LOCAÇÃO OU FRETAMENTO DE VEÍCULOS AUTOMOTORES,7000,0
Dagoberto Nogueira,MS,SERVIÇO DE SEGURANÇA PRESTADO POR EMPRESA ESPECIALIZADA.,400,0
Marangoni,SP,SERVIÇOS POSTAIS,239.1,0
Damião Feliciano,PB,LOCAÇÃO OU FRETAMENTO DE VEÍCULOS AUTOMOTORES,7000,0
Bohn Gass,RS,FORNECIMENTO DE ALIMENTAÇÃO DO PARLAMENTAR,89.8,0
Bohn Gass,RS,LOCAÇÃO OU FRETAMENTO DE VEÍCULOS AUTOMOTORES,6700,0
Damião Feliciano,PB,"HOSPEDAGEM ,EXCETO DO PARLAMENTAR NO DISTRITO FEDERAL.",844,0
Filipe Martins,TO,LOCAÇÃO OU FRETAMENTO DE VEÍCULOS AUTOMOTORES,11800,0
Filipe Martins,TO,"PASSAGENS TERRESTRES, MARÍTIMAS OU FLUVIAIS",237.99,0
Damião Feliciano,PB,LOCAÇÃO OU FRETAMENTO DE VEÍCULOS AUTOMOTORES,7000,0
Bohn Gass,RS,LOCAÇÃO OU FRETAMENTO DE VEÍCULOS AUTOMOTORES,6700,0
Damião Feliciano,PB,LOCAÇÃO OU FRETAMENTO DE VEÍCULOS AUTOMOTORES,7000,0
Pedro Paulo,RJ,PASSAGEM AÉREA - SIGEPA,1134.92,-0.0046
Marangoni,SP,PASSAGEM AÉREA - SIGEPA,669.44,-0.012
Marangoni,SP,PASSAGEM AÉREA - SIGEPA,664.63,-0.0153
Dagoberto Nogueira,MS,FORNECIMENTO DE ALIMENTAÇÃO DO PARLAMENTAR,95.73,-0.02
Marangoni,SP,MANUTENÇÃO DE ESCRITÓRIO DE APOIO À ATIVIDADE PARLAMENTAR,2556.87,-0.0203
Marangoni,SP,MANUTENÇÃO DE ESCRITÓRIO DE APOIO À ATIVIDADE PARLAMENTAR,2556.87,-0.0203
Marangoni,SP,MANUTENÇÃO DE ESCRITÓRIO DE APOIO À ATIVIDADE PARLAMENTAR,2556.87,-0.0203
Gilberto Nascimento,SP,TELEFONIA,351.07,-0.0331
Marangoni,SP,PASSAGEM AÉREA - SIGEPA,635.36,-0.0354
Damião Feliciano,PB,PASSAGEM AÉREA - SIGEPA,1000.62,-0.0408
Damião Feliciano,PB,PASSAGEM AÉREA - SIGEPA,1000.62,-0.0408
Pedro Paulo,RJ,PASSAGEM AÉREA - SIGEPA,1057.28,-0.0568
Filipe Martins,TO,COMBUSTÍVEIS E LUBRIFICANTES.,270.01,-0.0633
Damião Feliciano,PB,PASSAGEM AÉREA - SIGEPA,963.05,-0.0797
Fausto Pinato,SP,LOCAÇÃO OU FRETAMENTO DE VEÍCULOS AUTOMOTORES,5600,-0.0824
Sargento Portugal,RJ,COMBUSTÍVEIS E LUBRIFICANTES.,195.58,-0.0868
Sargento Portugal,RJ,DIVULGAÇÃO DA ATIVIDADE PARLAMENTAR.,6080,-0.0981
Welter,PR,COMBUSTÍVEIS E LUBRIFICANTES.,211.78,-0.0997
Welter,PR,FORNECIMENTO DE ALIMENTAÇÃO DO PARLAMENTAR,53,-0.1014
Sargento Portugal,RJ,COMBUSTÍVEIS E LUBRIFICANTES.,194.51,-0.1132
Bohn Gass,RS,"SERVIÇO DE TÁXI, PEDÁGIO E ESTACIONAMENTO",24.92,-0.1191
Welter,PR,COMBUSTÍVEIS E LUBRIFICANTES.,210,-0.1202
Sargento Portugal,RJ,DIVULGAÇÃO DA ATIVIDADE PARLAMENTAR.,6000,-0.1231
Welter,PR,COMBUSTÍVEIS E LUBRIFICANTES.,209.2,-0.1294
Welter,PR,COMBUSTÍVEIS E LUBRIFICANTES.,207.8,-0.1456
Dagoberto Nogueira,MS,FORNECIMENTO DE ALIMENTAÇÃO DO PARLAMENTAR,90,-0.1506
Welter,PR,COMBUSTÍVEIS E LUBRIFICANTES.,205.31,-0.1743
Sargento Portugal,RJ,MANUTENÇÃO DE ESCRITÓRIO DE APOIO À ATIVIDADE PARLAMENTAR,3089.32,-0.1752
Welter,PR,COMBUSTÍVEIS E LUBRIFICANTES.,205.05,-0.1773
Sargento Portugal,RJ,MANUTENÇÃO DE ESCRITÓRIO DE APOIO À ATIVIDADE PARLAMENTAR,3071.17,-0.1778
Sargento Portugal,RJ,MANUTENÇÃO DE ESCRITÓRIO DE APOIO À ATIVIDADE PARLAMENTAR,3071.18,-0.1778
Bohn Gass,RS,"HOSPEDAGEM ,EXCETO DO PARLAMENTAR NO DISTRITO FEDERAL.",279,-0.1778
Sargento Portugal,RJ,COMBUSTÍVEIS E LUBRIFICANTES.,191.86,-0.1787
Fausto Pinato,SP,TELEFONIA,336.03,-0.1875
Sargento Portugal,RJ,MANUTENÇÃO DE ESCRITÓRIO DE APOIO À ATIVIDADE PARLAMENTAR,3000,-0.1881
Sargento Portugal,RJ,MANUTENÇÃO DE ESCRITÓRIO DE APOIO À ATIVIDADE PARLAMENTAR,3000,-0.1881
Welter,PR,DIVULGAÇÃO DA ATIVIDADE PARLAMENTAR.,2000,-0.1907
Dagoberto Nogueira,MS,PASSAGEM AÉREA - SIGEPA,136,-0.1959
Gilberto Nascimento,SP,COMBUSTÍVEIS E LUBRIFICANTES.,500,-0.1998
Sargento Portugal,RJ,PASSAGEM AÉREA - SIGEPA,820.32,-0.2161
Dagoberto Nogueira,MS,PASSAGEM AÉREA - SIGEPA,88,-0.2216
Dagoberto Nogueira,MS,PASSAGEM AÉREA - SIGEPA,88,-0.2216
Filipe Martins,TO,COMBUSTÍVEIS E LUBRIFICANTES.,251.04,-0.2245
Pedro Paulo,RJ,PASSAGEM AÉREA - SIGEPA,803.44,-0.2274
Sargento Portugal,RJ,COMBUSTÍVEIS E LUBRIFICANTES.,189.64,-0.2335
Bohn Gass,RS,"SERVIÇO DE TÁXI, PEDÁGIO E ESTACIONAMENTO",23.22,-0.2341
Welter,PR,COMBUSTÍVEIS E LUBRIFICANTES.,200.06,-0.2349
Welter,PR,COMBUSTÍVEIS E LUBRIFICANTES.,200.04,-0.2351
Welter,PR,COMBUSTÍVEIS E LUBRIFICANTES.,200,-0.2356
Welter,PR,COMBUSTÍVEIS E LUBRIFICANTES.,200,-0.2356
Welter,PR,COMBUSTÍVEIS E LUBRIFICANTES.,200,-0.2356
Welter,PR,COMBUSTÍVEIS E LUBRIFICANTES.,200,-0.2356
Welter,PR,COMBUSTÍVEIS E LUBRIFICANTES.,200,-0.2356
Welter,PR,COMBUSTÍVEIS E LUBRIFICANTES.,200,-0.2356
Welter,PR,COMBUSTÍVEIS E LUBRIFICANTES.,200,-0.2356
Marangoni,SP,COMBUSTÍVEIS E LUBRIFICANTES.,391.49,-0.2615
Welter,PR,FORNECIMENTO DE ALIMENTAÇÃO DO PARLAMENTAR,47.6,-0.2689
Fausto Pinato,SP,MANUTENÇÃO DE ESCRITÓRIO DE APOIO À ATIVIDADE PARLAMENTAR,1800,-0.2801
Filipe Martins,TO,COMBUSTÍVEIS E LUBRIFICANTES.,244,-0.2843
Welter,PR,COMBUSTÍVEIS E LUBRIFICANTES.,195.47,-0.2879
Bohn Gass,RS,"HOSPEDAGEM ,EXCETO DO PARLAMENTAR NO DISTRITO FEDERAL.",230,-0.2908
Marangoni,SP,COMBUSTÍVEIS E LUBRIFICANTES.,332.77,-0.2948
Marangoni,SP,COMBUSTÍVEIS E LUBRIFICANTES.,325.31,-0.2991
Bohn Gass,RS,"HOSPEDAGEM ,EXCETO DO PARLAMENTAR NO DISTRITO FEDERAL.",225,-0.3023
Welter,PR,COMBUSTÍVEIS E LUBRIFICANTES.,194.11,-0.3036
Bohn Gass,RS,COMBUSTÍVEIS E LUBRIFICANTES.,278.63,-0.3044
Marangoni,SP,COMBUSTÍVEIS E LUBRIFICANTES.,309.07,-0.3083
Pedro Paulo,RJ,PASSAGEM AÉREA - SIGEPA,682.2,-0.3089
Pedro Paulo,RJ,PASSAGEM AÉREA - SIGEPA,681.53,-0.3094
Marangoni,SP,COMBUSTÍVEIS E LUBRIFICANTES.,304.83,-0.3107
Marangoni,SP,COMBUSTÍVEIS E LUBRIFICANTES.,297.91,-0.3146
Marangoni,SP,COMBUSTÍVEIS E LUBRIFICANTES.,297.94,-0.3146
Sargento Portugal,RJ,COMBUSTÍVEIS E LUBRIFICANTES.,186.29,-0.3162
Bohn Gass,RS,"SERVIÇO DE TÁXI, PEDÁGIO E ESTACIONAMENTO",21.97,-0.3186
Marangoni,SP,COMBUSTÍVEIS E LUBRIFICANTES.,282.22,-0.3236
Marangoni,SP,COMBUSTÍVEIS E LUBRIFICANTES.,279.79,-0.3249
Marangoni,SP,COMBUSTÍVEIS E LUBRIFICANTES.,274.94,-0.3277
Marangoni,SP,COMBUSTÍVEIS E LUBRIFICANTES.,274.12,-0.3282
Marangoni,SP,COMBUSTÍVEIS E LUBRIFICANTES.,272.69,-0.329
Marangoni,SP,COMBUSTÍVEIS E LUBRIFICANTES.,270.8,-0.3301
Fausto Pinato,SP,COMBUSTÍVEIS E LUBRIFICANTES.,270.6,-0.3302
Dagoberto Nogueira,MS,COMBUSTÍVEIS E LUBRIFICANTES.,590,-0.3335
Fausto Pinato,SP,COMBUSTÍVEIS E LUBRIFICANTES.,261.03,-0.3356
Marangoni,SP,COMBUSTÍVEIS E LUBRIFICANTES.,260.3,-0.336
Filipe Martins,TO,COMBUSTÍVEIS E LUBRIFICANTES.,237.6,-0.3387
Welter,PR,DIVULGAÇÃO DA ATIVIDADE PARLAMENTAR.,1500,-0.3406
Welter,PR,DIVULGAÇÃO DA ATIVIDADE PARLAMENTAR.,1500,-0.3406
Marangoni,SP,COMBUSTÍVEIS E LUBRIFICANTES.,252.08,-0.3407
Fausto Pinato,SP,LOCAÇÃO OU FRETAMENTO DE VEÍCULOS AUTOMOTORES,4900,-0.3417
Fausto Pinato,SP,LOCAÇÃO OU FRETAMENTO DE VEÍCULOS AUTOMOTORES,4900,-0.3417
Fausto Pinato,SP,LOCAÇÃO OU FRETAMENTO DE VEÍCULOS AUTOMOTORES,4900,-0.3417
Gilberto Nascimento,SP,COMBUSTÍVEIS E LUBRIFICANTES.,250,-0.3419
Marangoni,SP,COMBUSTÍVEIS E LUBRIFICANTES.,250,-0.3419
Marangoni,SP,COMBUSTÍVEIS E LUBRIFICANTES.,250,-0.3419
Marangoni,SP,COMBUSTÍVEIS E LUBRIFICANTES.,250.01,-0.3419
Welter,PR,MANUTENÇÃO DE ESCRITÓRIO DE APOIO À ATIVIDADE PARLAMENTAR,426.8,-0.3429
Marangoni,SP,COMBUSTÍVEIS E LUBRIFICANTES.,245.48,-0.3444
Gilberto Nascimento,SP,LOCAÇÃO OU FRETAMENTO DE VEÍCULOS AUTOMOTORES,4890,-0.3454
Gilberto Nascimento,SP,LOCAÇÃO OU FRETAMENTO DE VEÍCULOS AUTOMOTORES,4890,-0.3454
Gilberto Nascimento,SP,LOCAÇÃO OU FRETAMENTO DE VEÍCULOS AUTOMOTORES,4890,-0.3454
Gilberto Nascimento,SP,LOCAÇÃO OU FRETAMENTO DE VEÍCULOS AUTOMOTORES,4890,-0.3454
Gilberto Nascimento,SP,LOCAÇÃO OU FRETAMENTO DE VEÍCULOS AUTOMOTORES,4890,-0.3454
Gilberto Nascimento,SP,LOCAÇÃO OU FRETAMENTO DE VEÍCULOS AUTOMOTORES,4890,-0.3454
Marangoni,SP,COMBUSTÍVEIS E LUBRIFICANTES.,237.45,-0.349
Marangoni,SP,COMBUSTÍVEIS E LUBRIFICANTES.,228.06,-0.3543
Marangoni,SP,COMBUSTÍVEIS E LUBRIFICANTES.,228.21,-0.3543
Marangoni,SP,COMBUSTÍVEIS E LUBRIFICANTES.,225.01,-0.3561
Marangoni,SP,COMBUSTÍVEIS E LUBRIFICANTES.,224.99,-0.3561
Marangoni,SP,PASSAGEM AÉREA - SIGEPA,162.68,-0.3591
Bohn Gass,RS,"SERVIÇO DE TÁXI, PEDÁGIO E ESTACIONAMENTO",21.33,-0.3619
Marangoni,SP,COMBUSTÍVEIS E LUBRIFICANTES.,210.04,-0.3646
Fausto Pinato,SP,COMBUSTÍVEIS E LUBRIFICANTES.,207.6,-0.366
Fausto Pinato,SP,COMBUSTÍVEIS E LUBRIFICANTES.,206.6,-0.3665
Sargento Portugal,RJ,MANUTENÇÃO DE ESCRITÓRIO DE APOIO À ATIVIDADE PARLAMENTAR,1763.5,-0.3669
Marangoni,SP,COMBUSTÍVEIS E LUBRIFICANTES.,205.12,-0.3674
Marangoni,SP,COMBUSTÍVEIS E LUBRIFICANTES.,201.52,-0.3694
Fausto Pinato,SP,COMBUSTÍVEIS E LUBRIFICANTES.,200,-0.3703
Fausto Pinato,SP,COMBUSTÍVEIS E LUBRIFICANTES.,200,-0.3703
Gilberto Nascimento,SP,PASSAGEM AÉREA - SIGEPA,136,-0.3773
Bohn Gass,RS,"SERVIÇO DE TÁXI, PEDÁGIO E ESTACIONAMENTO",21.07,-0.3795
Bohn Gass,RS,"SERVIÇO DE TÁXI, PEDÁGIO E ESTACIONAMENTO",21.07,-0.3795
Pedro Paulo,RJ,PASSAGEM AÉREA - SIGEPA,576.97,-0.3796
Bohn Gass,RS,"SERVIÇO DE TÁXI, PEDÁGIO E ESTACIONAMENTO",21.02,-0.3829
Fausto Pinato,SP,COMBUSTÍVEIS E LUBRIFICANTES.,175.93,-0.384
Gilberto Nascimento,SP,PASSAGEM AÉREA - SIGEPA,117,-0.3903
Fausto Pinato,SP,PASSAGEM AÉREA - SIGEPA,117,-0.3903
Gilberto Nascimento,SP,PASSAGEM AÉREA - SIGEPA,117,-0.3903
Dagoberto Nogueira,MS,FORNECIMENTO DE ALIMENTAÇÃO DO PARLAMENTAR,79.46,-0.3908
Fausto Pinato,SP,COMBUSTÍVEIS E LUBRIFICANTES.,160.77,-0.3926
Marangoni,SP,COMBUSTÍVEIS E LUBRIFICANTES.,157.57,-0.3944
Marangoni,SP,COMBUSTÍVEIS E LUBRIFICANTES.,156.97,-0.3947
Welter,PR,COMBUSTÍVEIS E LUBRIFICANTES.,186.18,-0.3951
Dagoberto Nogueira,MS,MANUTENÇÃO DE ESCRITÓRIO DE APOIO À ATIVIDADE PARLAMENTAR,945,-0.3956
Dagoberto Nogueira,MS,MANUTENÇÃO DE ESCRITÓRIO DE APOIO À ATIVIDADE PARLAMENTAR,945,-0.3956
Dagoberto Nogueira,MS,MANUTENÇÃO DE ESCRITÓRIO DE APOIO À ATIVIDADE PARLAMENTAR,945,-0.3956
Dagoberto Nogueira,MS,MANUTENÇÃO DE ESCRITÓRIO DE APOIO À ATIVIDADE PARLAMENTAR,945,-0.3956
Dagoberto Nogueira,MS,MANUTENÇÃO DE ESCRITÓRIO DE APOIO À ATIVIDADE PARLAMENTAR,945,-0.3956
Welter,PR,"HOSPEDAGEM ,EXCETO DO PARLAMENTAR NO DISTRITO FEDERAL.",230,-0.3961
Bohn Gass,RS,"SERVIÇO DE TÁXI, PEDÁGIO E ESTACIONAMENTO",20.81,-0.3971
Gilberto Nascimento,SP,PASSAGEM AÉREA - SIGEPA,105,-0.3986
Fausto Pinato,SP,COMBUSTÍVEIS E LUBRIFICANTES.,150,-0.3987
Fausto Pinato,SP,COMBUSTÍVEIS E LUBRIFICANTES.,150,-0.3987
Fausto Pinato,SP,COMBUSTÍVEIS E LUBRIFICANTES.,150,-0.3987
Fausto Pinato,SP,COMBUSTÍVEIS E LUBRIFICANTES.,150,-0.3987
Fausto Pinato,SP,COMBUSTÍVEIS E LUBRIFICANTES.,150,-0.3987
Fausto Pinato,SP,COMBUSTÍVEIS E LUBRIFICANTES.,150,-0.3987
Gilberto Nascimento,SP,COMBUSTÍVEIS E LUBRIFICANTES.,150,-0.3987
Fausto Pinato,SP,COMBUSTÍVEIS E LUBRIFICANTES.,150,-0.3987
Gilberto Nascimento,SP,COMBUSTÍVEIS E LUBRIFICANTES.,150,-0.3987
Fausto Pinato,SP,COMBUSTÍVEIS E LUBRIFICANTES.,150,-0.3987
Fausto Pinato,SP,COMBUSTÍVEIS E LUBRIFICANTES.,150,-0.3987
Sargento Portugal,RJ,"SERVIÇO DE TÁXI, PEDÁGIO E ESTACIONAMENTO",15.5,-0.3991
Fausto Pinato,SP,COMBUSTÍVEIS E LUBRIFICANTES.,137.73,-0.4057
Bohn Gass,RS,"SERVIÇO DE TÁXI, PEDÁGIO E ESTACIONAMENTO",20.68,-0.4059
Bohn Gass,RS,"HOSPEDAGEM ,EXCETO DO PARLAMENTAR NO DISTRITO FEDERAL.",180,-0.4061
Bohn Gass,RS,"HOSPEDAGEM ,EXCETO DO PARLAMENTAR NO DISTRITO FEDERAL.",180,-0.4061
Fausto Pinato,SP,COMBUSTÍVEIS E LUBRIFICANTES.,130,-0.4101
Fausto Pinato,SP,COMBUSTÍVEIS E LUBRIFICANTES.,130,-0.4101
Fausto Pinato,SP,COMBUSTÍVEIS E LUBRIFICANTES.,130,-0.4101
Fausto Pinato,SP,COMBUSTÍVEIS E LUBRIFICANTES.,130,-0.4101
Fausto Pinato,SP,COMBUSTÍVEIS E LUBRIFICANTES.,130,-0.4101
Fausto Pinato,SP,COMBUSTÍVEIS E LUBRIFICANTES.,130,-0.4101
Fausto Pinato,SP,COMBUSTÍVEIS E LUBRIFICANTES.,130,-0.4101
Fausto Pinato,SP,COMBUSTÍVEIS E LUBRIFICANTES.,130,-0.4101
Bohn Gass,RS,"SERVIÇO DE TÁXI, PEDÁGIO E ESTACIONAMENTO",20.6,-0.4113
Bohn Gass,RS,"SERVIÇO DE TÁXI, PEDÁGIO E ESTACIONAMENTO",20.58,-0.4127
Fausto Pinato,SP,COMBUSTÍVEIS E LUBRIFICANTES.,120,-0.4157
Fausto Pinato,SP,COMBUSTÍVEIS E LUBRIFICANTES.,120,-0.4157
Fausto Pinato,SP,COMBUSTÍVEIS E LUBRIFICANTES.,120,-0.4157
Fausto Pinato,SP,COMBUSTÍVEIS E LUBRIFICANTES.,120,-0.4157
Fausto Pinato,SP,COMBUSTÍVEIS E LUBRIFICANTES.,120,-0.4157
Marangoni,SP,COMBUSTÍVEIS E LUBRIFICANTES.,120,-0.4157
Fausto Pinato,SP,COMBUSTÍVEIS E LUBRIFICANTES.,120,-0.4157
Fausto Pinato,SP,COMBUSTÍVEIS E LUBRIFICANTES.,120,-0.4157
Fausto Pinato,SP,COMBUSTÍVEIS E LUBRIFICANTES.,120,-0.4157
Fausto Pinato,SP,COMBUSTÍVEIS E LUBRIFICANTES.,120,-0.4157
Fausto Pinato,SP,COMBUSTÍVEIS E LUBRIFICANTES.,116.8,-0.4176
Fausto Pinato,SP,COMBUSTÍVEIS E LUBRIFICANTES.,115,-0.4186
Gilberto Nascimento,SP,PASSAGEM AÉREA - SIGEPA,75,-0.4191
Fausto Pinato,SP,COMBUSTÍVEIS E LUBRIFICANTES.,110,-0.4214
Fausto Pinato,SP,COMBUSTÍVEIS E LUBRIFICANTES.,110,-0.4214
Dagoberto Nogueira,MS,MANUTENÇÃO DE ESCRITÓRIO DE APOIO À ATIVIDADE PARLAMENTAR,880.38,-0.4234
Gilberto Nascimento,SP,MANUTENÇÃO DE ESCRITÓRIO DE APOIO À ATIVIDADE PARLAMENTAR,1374.5,-0.4261
Fausto Pinato,SP,COMBUSTÍVEIS E LUBRIFICANTES.,100,-0.4271
Fausto Pinato,SP,COMBUSTÍVEIS E LUBRIFICANTES.,100,-0.4271
Fausto Pinato,SP,COMBUSTÍVEIS E LUBRIFICANTES.,100,-0.4271
Fausto Pinato,SP,COMBUSTÍVEIS E LUBRIFICANTES.,100,-0.4271
Fausto Pinato,SP,COMBUSTÍVEIS E LUBRIFICANTES.,100,-0.4271
Fausto Pinato,SP,COMBUSTÍVEIS E LUBRIFICANTES.,100,-0.4271
Welter,PR,DIVULGAÇÃO DA ATIVIDADE PARLAMENTAR.,1200,-0.4305
Welter,PR,DIVULGAÇÃO DA ATIVIDADE PARLAMENTAR.,1200,-0.4305
Welter,PR,DIVULGAÇÃO DA ATIVIDADE PARLAMENTAR.,1200,-0.4305
Filipe Martins,TO,DIVULGAÇÃO DA ATIVIDADE PARLAMENTAR.,4250,-0.4317
Filipe Martins,TO,DIVULGAÇÃO DA ATIVIDADE PARLAMENTAR.,4250,-0.4317
Filipe Martins,TO,DIVULGAÇÃO DA ATIVIDADE PARLAMENTAR.,4250,-0.4317
Fausto Pinato,SP,COMBUSTÍVEIS E LUBRIFICANTES.,90.55,-0.4325
Fausto Pinato,SP,COMBUSTÍVEIS E LUBRIFICANTES.,90,-0.4328
Fausto Pinato,SP,COMBUSTÍVEIS E LUBRIFICANTES.,90,-0.4328
Welter,PR,MANUTENÇÃO DE ESCRITÓRIO DE APOIO À ATIVIDADE PARLAMENTAR,334.49,-0.4348
Bohn Gass,RS,"HOSPEDAGEM ,EXCETO DO PARLAMENTAR NO DISTRITO FEDERAL.",165,-0.4407
Bohn Gass,RS,"HOSPEDAGEM ,EXCETO DO PARLAMENTAR NO DISTRITO FEDERAL.",165,-0.4407
Dagoberto Nogueira,MS,MANUTENÇÃO DE ESCRITÓRIO DE APOIO À ATIVIDADE PARLAMENTAR,836.56,-0.4422
Filipe Martins,TO,COMBUSTÍVEIS E LUBRIFICANTES.,225.32,-0.4431
Welter,PR,COMBUSTÍVEIS E LUBRIFICANTES.,181.89,-0.4446
Filipe Martins,TO,MANUTENÇÃO DE ESCRITÓRIO DE APOIO À ATIVIDADE PARLAMENTAR,883.92,-0.4448
Filipe Martins,TO,COMBUSTÍVEIS E LUBRIFICANTES.,224.61,-0.4491
Fausto Pinato,SP,COMBUSTÍVEIS E LUBRIFICANTES.,50,-0.4555
Fausto Pinato,SP,COMBUSTÍVEIS E LUBRIFICANTES.,50,-0.4555
Fausto Pinato,SP,COMBUSTÍVEIS E LUBRIFICANTES.,50,-0.4555
Dagoberto Nogueira,MS,COMBUSTÍVEIS E LUBRIFICANTES.,372.9,-0.4579
Filipe Martins,TO,COMBUSTÍVEIS E LUBRIFICANTES.,222.8,-0.4645
Bohn Gass,RS,"SERVIÇO DE TÁXI, PEDÁGIO E ESTACIONAMENTO",19.81,-0.4648
Welter,PR,COMBUSTÍVEIS E LUBRIFICANTES.,180,-0.4664
Dagoberto Nogueira,MS,MANUTENÇÃO DE ESCRITÓRIO DE APOIO À ATIVIDADE PARLAMENTAR,773.27,-0.4694
Bohn Gass,RS,"SERVIÇO DE TÁXI, PEDÁGIO E ESTACIONAMENTO",19.65,-0.4756
Damião Feliciano,PB,PASSAGEM AÉREA - SIGEPA,580.82,-0.4761
Bohn Gass,RS,"SERVIÇO DE TÁXI, PEDÁGIO E ESTACIONAMENTO",19.63,-0.4769
Filipe Martins,TO,MANUTENÇÃO DE ESCRITÓRIO DE APOIO À ATIVIDADE PARLAMENTAR,800,-0.4787
Filipe Martins,TO,MANUTENÇÃO DE ESCRITÓRIO DE APOIO À ATIVIDADE PARLAMENTAR,800,-0.4787
Filipe Martins,TO,MANUTENÇÃO DE ESCRITÓRIO DE APOIO À ATIVIDADE PARLAMENTAR,800,-0.4787
Filipe Martins,TO,MANUTENÇÃO DE ESCRITÓRIO DE APOIO À ATIVIDADE PARLAMENTAR,800,-0.4787
Sargento Portugal,RJ,MANUTENÇÃO DE ESCRITÓRIO DE APOIO À ATIVIDADE PARLAMENTAR,988.5,-0.479
Sargento Portugal,RJ,COMBUSTÍVEIS E LUBRIFICANTES.,179.64,-0.4805
Sargento Portugal,RJ,COMBUSTÍVEIS E LUBRIFICANTES.,179.62,-0.481
Sargento Portugal,RJ,MANUTENÇÃO DE ESCRITÓRIO DE APOIO À ATIVIDADE PARLAMENTAR,950.7,-0.4845
Sargento Portugal,RJ,MANUTENÇÃO DE ESCRITÓRIO DE APOIO À ATIVIDADE PARLAMENTAR,944.9,-0.4853
Filipe Martins,TO,COMBUSTÍVEIS E LUBRIFICANTES.,220.02,-0.4881
Welter,PR,DIVULGAÇÃO DA ATIVIDADE PARLAMENTAR.,1000,-0.4904
Welter,PR,DIVULGAÇÃO DA ATIVIDADE PARLAMENTAR.,1000,-0.4904
Gilberto Nascimento,SP,PASSAGEM AÉREA - SIGEPA,-33.64,-0.4935
Dagoberto Nogueira,MS,COMBUSTÍVEIS E LUBRIFICANTES.,300,-0.4997
Dagoberto Nogueira,MS,COMBUSTÍVEIS E LUBRIFICANTES.,300,-0.4997
Dagoberto Nogueira,MS,COMBUSTÍVEIS E LUBRIFICANTES.,300,-0.4997
Dagoberto Nogueira,MS,COMBUSTÍVEIS E LUBRIFICANTES.,300,-0.4997
Sargento Portugal,RJ,MANUTENÇÃO DE ESCRITÓRIO DE APOIO À ATIVIDADE PARLAMENTAR,832.4,-0.5016
Bohn Gass,RS,"SERVIÇO DE TÁXI, PEDÁGIO E ESTACIONAMENTO",19.25,-0.5026
Sargento Portugal,RJ,MANUTENÇÃO DE ESCRITÓRIO DE APOIO À ATIVIDADE PARLAMENTAR,790,-0.5077
Sargento Portugal,RJ,MANUTENÇÃO DE ESCRITÓRIO DE APOIO À ATIVIDADE PARLAMENTAR,790,-0.5077
Sargento Portugal,RJ,MANUTENÇÃO DE ESCRITÓRIO DE APOIO À ATIVIDADE PARLAMENTAR,790,-0.5077
Sargento Portugal,RJ,MANUTENÇÃO DE ESCRITÓRIO DE APOIO À ATIVIDADE PARLAMENTAR,790,-0.5077
Sargento Portugal,RJ,MANUTENÇÃO DE ESCRITÓRIO DE APOIO À ATIVIDADE PARLAMENTAR,790,-0.5077
Sargento Portugal,RJ,MANUTENÇÃO DE ESCRITÓRIO DE APOIO À ATIVIDADE PARLAMENTAR,790,-0.5077
Pedro Paulo,RJ,PASSAGEM AÉREA - SIGEPA,385.12,-0.5086
Damião Feliciano,PB,PASSAGEM AÉREA - SIGEPA,541.87,-0.5165
Welter,PR,COMBUSTÍVEIS E LUBRIFICANTES.,175.6,-0.5172
Gilberto Nascimento,SP,PASSAGEM AÉREA - SIGEPA,-75,-0.5218
Marangoni,SP,DIVULGAÇÃO DA ATIVIDADE PARLAMENTAR.,5000,-0.5237
Marangoni,SP,DIVULGAÇÃO DA ATIVIDADE PARLAMENTAR.,5000,-0.5237
Marangoni,SP,TELEFONIA,302.62,-0.5306
Marangoni,SP,TELEFONIA,302.62,-0.5306
Filipe Martins,TO,MANUTENÇÃO DE ESCRITÓRIO DE APOIO À ATIVIDADE PARLAMENTAR,650,-0.5393
Filipe Martins,TO,MANUTENÇÃO DE ESCRITÓRIO DE APOIO À ATIVIDADE PARLAMENTAR,650,-0.5393
Filipe Martins,TO,MANUTENÇÃO DE ESCRITÓRIO DE APOIO À ATIVIDADE PARLAMENTAR,650,-0.5393
Welter,PR,"HOSPEDAGEM ,EXCETO DO PARLAMENTAR NO DISTRITO FEDERAL.",217.5,-0.5492
Welter,PR,"HOSPEDAGEM ,EXCETO DO PARLAMENTAR NO DISTRITO FEDERAL.",217.5,-0.5492
Gilberto Nascimento,SP,PASSAGEM AÉREA - SIGEPA,-117,-0.5506
Filipe Martins,TO,MANUTENÇÃO DE ESCRITÓRIO DE APOIO À ATIVIDADE PARLAMENTAR,621.58,-0.5507
Fausto Pinato,SP,MANUTENÇÃO DE ESCRITÓRIO DE APOIO À ATIVIDADE PARLAMENTAR,1000,-0.5547
Fausto Pinato,SP,MANUTENÇÃO DE ESCRITÓRIO DE APOIO À ATIVIDADE PARLAMENTAR,1000,-0.5547
Fausto Pinato,SP,MANUTENÇÃO DE ESCRITÓRIO DE APOIO À ATIVIDADE PARLAMENTAR,1000,-0.5547
Dagoberto Nogueira,MS,MANUTENÇÃO DE ESCRITÓRIO DE APOIO À ATIVIDADE PARLAMENTAR,573.63,-0.5553
Dagoberto Nogueira,MS,COMBUSTÍVEIS E LUBRIFICANTES.,200,-0.557
Dagoberto Nogueira,MS,COMBUSTÍVEIS E LUBRIFICANTES.,200,-0.557
Dagoberto Nogueira,MS,COMBUSTÍVEIS E LUBRIFICANTES.,200,-0.557
Welter,PR,COMBUSTÍVEIS E LUBRIFICANTES.,171.58,-0.5635
Welter,PR,DIVULGAÇÃO DA ATIVIDADE PARLAMENTAR.,750,-0.5654
Sargento Portugal,RJ,MANUTENÇÃO DE ESCRITÓRIO DE APOIO À ATIVIDADE PARLAMENTAR,390,-0.5656
Sargento Portugal,RJ,MANUTENÇÃO DE ESCRITÓRIO DE APOIO À ATIVIDADE PARLAMENTAR,390,-0.5656
Bohn Gass,RS,"SERVIÇO DE TÁXI, PEDÁGIO E ESTACIONAMENTO",18.23,-0.5716
Dagoberto Nogueira,MS,COMBUSTÍVEIS E LUBRIFICANTES.,170.56,-0.5738
Sargento Portugal,RJ,MANUTENÇÃO DE ESCRITÓRIO DE APOIO À ATIVIDADE PARLAMENTAR,330,-0.5742
Sargento Portugal,RJ,MANUTENÇÃO DE ESCRITÓRIO DE APOIO À ATIVIDADE PARLAMENTAR,330,-0.5742
Sargento Portugal,RJ,MANUTENÇÃO DE ESCRITÓRIO DE APOIO À ATIVIDADE PARLAMENTAR,330,-0.5742
Sargento Portugal,RJ,MANUTENÇÃO DE ESCRITÓRIO DE APOIO À ATIVIDADE PARLAMENTAR,330,-0.5742
Bohn Gass,RS,"SERVIÇO DE TÁXI, PEDÁGIO E ESTACIONAMENTO",18.15,-0.5771
Welter,PR,MANUTENÇÃO DE ESCRITÓRIO DE APOIO À ATIVIDADE PARLAMENTAR,187.6,-0.5811
Dagoberto Nogueira,MS,"HOSPEDAGEM ,EXCETO DO PARLAMENTAR NO DISTRITO FEDERAL.",359.29,-0.5823
Dagoberto Nogueira,MS,COMBUSTÍVEIS E LUBRIFICANTES.,150.05,-0.5856
Dagoberto Nogueira,MS,MANUTENÇÃO DE ESCRITÓRIO DE APOIO À ATIVIDADE PARLAMENTAR,503,-0.5857
Gilberto Nascimento,SP,TELEFONIA,297,-0.5883
Bohn Gass,RS,"SERVIÇO DE TÁXI, PEDÁGIO E ESTACIONAMENTO",17.96,-0.5899
Dagoberto Nogueira,MS,COMBUSTÍVEIS E LUBRIFICANTES.,138,-0.5925
Welter,PR,MANUTENÇÃO DE ESCRITÓRIO DE APOIO À ATIVIDADE PARLAMENTAR,174.5,-0.5942
Bohn Gass,RS,"SERVIÇO DE TÁXI, PEDÁGIO E ESTACIONAMENTO",17.88,-0.5953
Dagoberto Nogueira,MS,MANUTENÇÃO DE ESCRITÓRIO DE APOIO À ATIVIDADE PARLAMENTAR,478.13,-0.5964
Gilberto Nascimento,SP,TELEFONIA,295.97,-0.5988
Bohn Gass,RS,COMBUSTÍVEIS E LUBRIFICANTES.,268.94,-0.6013
Sargento Portugal,RJ,MANUTENÇÃO DE ESCRITÓRIO DE APOIO À ATIVIDADE PARLAMENTAR,120,-0.6046
Sargento Portugal,RJ,MANUTENÇÃO DE ESCRITÓRIO DE APOIO À ATIVIDADE PARLAMENTAR,113.59,-0.6055
Sargento Portugal,RJ,MANUTENÇÃO DE ESCRITÓRIO DE APOIO À ATIVIDADE PARLAMENTAR,110.97,-0.6059
Sargento Portugal,RJ,MANUTENÇÃO DE ESCRITÓRIO DE APOIO À ATIVIDADE PARLAMENTAR,108.25,-0.6063
Dagoberto Nogueira,MS,DIVULGAÇÃO DA ATIVIDADE PARLAMENTAR.,2297.55,-0.6069
Filipe Martins,TO,MANUTENÇÃO DE ESCRITÓRIO DE APOIO À ATIVIDADE PARLAMENTAR,470,-0.6119
Welter,PR,MANUTENÇÃO DE ESCRITÓRIO DE APOIO À ATIVIDADE PARLAMENTAR,154.9,-0.6137
Gilberto Nascimento,SP,TELEFONIA,294.1,-0.618
Bohn Gass,RS,"SERVIÇO DE TÁXI, PEDÁGIO E ESTACIONAMENTO",17.52,-0.6197
Bohn Gass,RS,"SERVIÇO DE TÁXI, PEDÁGIO E ESTACIONAMENTO",17.52,-0.6197
Marangoni,SP,MANUTENÇÃO DE ESCRITÓRIO DE APOIO À ATIVIDADE PARLAMENTAR,800,-0.6234
Marangoni,SP,MANUTENÇÃO DE ESCRITÓRIO DE APOIO À ATIVIDADE PARLAMENTAR,800,-0.6234
Marangoni,SP,MANUTENÇÃO DE ESCRITÓRIO DE APOIO À ATIVIDADE PARLAMENTAR,800,-0.6234
Marangoni,SP,MANUTENÇÃO DE ESCRITÓRIO DE APOIO À ATIVIDADE PARLAMENTAR,800,-0.6234
Marangoni,SP,MANUTENÇÃO DE ESCRITÓRIO DE APOIO À ATIVIDADE PARLAMENTAR,800,-0.6234
Marangoni,SP,MANUTENÇÃO DE ESCRITÓRIO DE APOIO À ATIVIDADE PARLAMENTAR,800,-0.6234
Welter,PR,DIVULGAÇÃO DA ATIVIDADE PARLAMENTAR.,500,-0.6403
Welter,PR,DIVULGAÇÃO DA ATIVIDADE PARLAMENTAR.,500,-0.6403
Dagoberto Nogueira,MS,PASSAGEM AÉREA - SIGEPA,-698.44,-0.6435
Damião Feliciano,PB,DIVULGAÇÃO DA ATIVIDADE PARLAMENTAR.,19000,-0.6455
Damião Feliciano,PB,DIVULGAÇÃO DA ATIVIDADE PARLAMENTAR.,19000,-0.6455
Damião Feliciano,PB,DIVULGAÇÃO DA ATIVIDADE PARLAMENTAR.,19000,-0.6455
Damião Feliciano,PB,DIVULGAÇÃO DA ATIVIDADE PARLAMENTAR.,19000,-0.6455
Welter,PR,COMBUSTÍVEIS E LUBRIFICANTES.,164.25,-0.6481
Welter,PR,MANUTENÇÃO DE ESCRITÓRIO DE APOIO À ATIVIDADE PARLAMENTAR,111.8,-0.6566
Gilberto Nascimento,SP,MANUTENÇÃO DE ESCRITÓRIO DE APOIO À ATIVIDADE PARLAMENTAR,702.01,-0.657
Filipe Martins,TO,COMBUSTÍVEIS E LUBRIFICANTES.,200.1,-0.6574
Marangoni,SP,MANUTENÇÃO DE ESCRITÓRIO DE APOIO À ATIVIDADE PARLAMENTAR,700,-0.6577
Marangoni,SP,MANUTENÇÃO DE ESCRITÓRIO DE APOIO À ATIVIDADE PARLAMENTAR,700,-0.6577
Marangoni,SP,MANUTENÇÃO DE ESCRITÓRIO DE APOIO À ATIVIDADE PARLAMENTAR,700,-0.6577
Marangoni,SP,MANUTENÇÃO DE ESCRITÓRIO DE APOIO À ATIVIDADE PARLAMENTAR,700,-0.6577
Marangoni,SP,MANUTENÇÃO DE ESCRITÓRIO DE APOIO À ATIVIDADE PARLAMENTAR,700,-0.6577
Filipe Martins,TO,COMBUSTÍVEIS E LUBRIFICANTES.,200,-0.6583
Filipe Martins,TO,COMBUSTÍVEIS E LUBRIFICANTES.,200,-0.6583
Filipe Martins,TO,COMBUSTÍVEIS E LUBRIFICANTES.,200,-0.6583
Filipe Martins,TO,COMBUSTÍVEIS E LUBRIFICANTES.,200,-0.6583
Filipe Martins,TO,COMBUSTÍVEIS E LUBRIFICANTES.,200,-0.6583
Filipe Martins,TO,COMBUSTÍVEIS E LUBRIFICANTES.,200,-0.6583
Filipe Martins,TO,COMBUSTÍVEIS E LUBRIFICANTES.,200,-0.6583
Filipe Martins,TO,COMBUSTÍVEIS E LUBRIFICANTES.,200,-0.6583
Filipe Martins,TO,COMBUSTÍVEIS E LUBRIFICANTES.,200,-0.6583
Filipe Martins,TO,COMBUSTÍVEIS E LUBRIFICANTES.,200,-0.6583
Gilberto Nascimento,SP,MANUTENÇÃO DE ESCRITÓRIO DE APOIO À ATIVIDADE PARLAMENTAR,693.26,-0.66
Gilberto Nascimento,SP,MANUTENÇÃO DE ESCRITÓRIO DE APOIO À ATIVIDADE PARLAMENTAR,693.26,-0.66
Marangoni,SP,MANUTENÇÃO DE ESCRITÓRIO DE APOIO À ATIVIDADE PARLAMENTAR,683.8,-0.6632
Dagoberto Nogueira,MS,MANUTENÇÃO DE ESCRITÓRIO DE APOIO À ATIVIDADE PARLAMENTAR,317.78,-0.6654
Sargento Portugal,RJ,COMBUSTÍVEIS E LUBRIFICANTES.,171.94,-0.6707
Dagoberto Nogueira,MS,MANUTENÇÃO DE ESCRITÓRIO DE APOIO À ATIVIDADE PARLAMENTAR,284.24,-0.6799
Bohn Gass,RS,"SERVIÇO DE TÁXI, PEDÁGIO E ESTACIONAMENTO",16.53,-0.6866
Bohn Gass,RS,"SERVIÇO DE TÁXI, PEDÁGIO E ESTACIONAMENTO",16.53,-0.6866
Bohn Gass,RS,"SERVIÇO DE TÁXI, PEDÁGIO E ESTACIONAMENTO",16.47,-0.6907
Bohn Gass,RS,"SERVIÇO DE TÁXI, PEDÁGIO E ESTACIONAMENTO",16.33,-0.7002
Damião Feliciano,PB,PASSAGEM AÉREA - SIGEPA,361.09,-0.704
Dagoberto Nogueira,MS,MANUTENÇÃO DE ESCRITÓRIO DE APOIO À ATIVIDADE PARLAMENTAR,226.29,-0.7048
Filipe Martins,TO,COMBUSTÍVEIS E LUBRIFICANTES.,194.4,-0.7058
Bohn Gass,RS,TELEFONIA,138.8,-0.7071
Damião Feliciano,PB,COMBUSTÍVEIS E LUBRIFICANTES.,8059.56,-0.7071
Filipe Martins,TO,"HOSPEDAGEM ,EXCETO DO PARLAMENTAR NO DISTRITO FEDERAL.",155.7,-0.7071
Sargento Portugal,RJ,PASSAGEM AÉREA - SIGEPA,75,-0.7171
Sargento Portugal,RJ,PASSAGEM AÉREA - SIGEPA,74.8,-0.7172
Sargento Portugal,RJ,PASSAGEM AÉREA - SIGEPA,67,-0.7224
Sargento Portugal,RJ,PASSAGEM AÉREA - SIGEPA,67,-0.7224
Fausto Pinato,SP,LOCAÇÃO OU FRETAMENTO DE VEÍCULOS AUTOMOTORES,3850,-0.7306
Fausto Pinato,SP,LOCAÇÃO OU FRETAMENTO DE VEÍCULOS AUTOMOTORES,3850,-0.7306
Fausto Pinato,SP,LOCAÇÃO OU FRETAMENTO DE VEÍCULOS AUTOMOTORES,3850,-0.7306
Fausto Pinato,SP,LOCAÇÃO OU FRETAMENTO DE VEÍCULOS AUTOMOTORES,3850,-0.7306
Fausto Pinato,SP,LOCAÇÃO OU FRETAMENTO DE VEÍCULOS AUTOMOTORES,3850,-0.7306
Fausto Pinato,SP,LOCAÇÃO OU FRETAMENTO DE VEÍCULOS AUTOMOTORES,3850,-0.7306
Dagoberto Nogueira,MS,FORNECIMENTO DE ALIMENTAÇÃO DO PARLAMENTAR,64.43,-0.7334
Filipe Martins,TO,MANUTENÇÃO DE ESCRITÓRIO DE APOIO À ATIVIDADE PARLAMENTAR,149.9,-0.7412
Filipe Martins,TO,MANUTENÇÃO DE ESCRITÓRIO DE APOIO À ATIVIDADE PARLAMENTAR,149.9,-0.7412
Filipe Martins,TO,MANUTENÇÃO DE ESCRITÓRIO DE APOIO À ATIVIDADE PARLAMENTAR,149.9,-0.7412
Filipe Martins,TO,MANUTENÇÃO DE ESCRITÓRIO DE APOIO À ATIVIDADE PARLAMENTAR,149.9,-0.7412
Dagoberto Nogueira,MS,MANUTENÇÃO DE ESCRITÓRIO DE APOIO À ATIVIDADE PARLAMENTAR,136.53,-0.7434
Fausto Pinato,SP,MANUTENÇÃO DE ESCRITÓRIO DE APOIO À ATIVIDADE PARLAMENTAR,443,-0.7459
Sargento Portugal,RJ,DIVULGAÇÃO DA ATIVIDADE PARLAMENTAR.,4000,-0.7483
Sargento Portugal,RJ,DIVULGAÇÃO DA ATIVIDADE PARLAMENTAR.,4000,-0.7483
Sargento Portugal,RJ,DIVULGAÇÃO DA ATIVIDADE PARLAMENTAR.,4000,-0.7483
Dagoberto Nogueira,MS,FORNECIMENTO DE ALIMENTAÇÃO DO PARLAMENTAR,63.63,-0.7516
Fausto Pinato,SP,DIVULGAÇÃO DA ATIVIDADE PARLAMENTAR.,3600,-0.7572
Bohn Gass,RS,"SERVIÇO DE TÁXI, PEDÁGIO E ESTACIONAMENTO",15.47,-0.7583
Dagoberto Nogueira,MS,DIVULGAÇÃO DA ATIVIDADE PARLAMENTAR.,1686.66,-0.7624
Filipe Martins,TO,DIVULGAÇÃO DA ATIVIDADE PARLAMENTAR.,702.48,-0.7652
Bohn Gass,RS,"SERVIÇO DE TÁXI, PEDÁGIO E ESTACIONAMENTO",15.21,-0.7759
Bohn Gass,RS,"SERVIÇO DE TÁXI, PEDÁGIO E ESTACIONAMENTO",15.21,-0.7759
Fausto Pinato,SP,"SERVIÇO DE TÁXI, PEDÁGIO E ESTACIONAMENTO",1884.09,-0.7761
Bohn Gass,RS,"SERVIÇO DE TÁXI, PEDÁGIO E ESTACIONAMENTO",15.2,-0.7766
Dagoberto Nogueira,MS,MANUTENÇÃO DE ESCRITÓRIO DE APOIO À ATIVIDADE PARLAMENTAR,33.25,-0.7879
Bohn Gass,RS,"SERVIÇO DE TÁXI, PEDÁGIO E ESTACIONAMENTO",15.01,-0.7895
Sargento Portugal,RJ,PASSAGEM AÉREA - SIGEPA,-32.87,-0.7896
Bohn Gass,RS,"SERVIÇO DE TÁXI, PEDÁGIO E ESTACIONAMENTO",15,-0.7901
Bohn Gass,RS,"SERVIÇO DE TÁXI, PEDÁGIO E ESTACIONAMENTO",15,-0.7901
Filipe Martins,TO,COMBUSTÍVEIS E LUBRIFICANTES.,182.51,-0.8069
Welter,PR,COMBUSTÍVEIS E LUBRIFICANTES.,150,-0.8126
Bohn Gass,RS,COMBUSTÍVEIS E LUBRIFICANTES.,262.04,-0.8128
Dagoberto Nogueira,MS,FORNECIMENTO DE ALIMENTAÇÃO DO PARLAMENTAR,60.8,-0.8161
Marangoni,SP,DIVULGAÇÃO DA ATIVIDADE PARLAMENTAR.,3167.45,-0.8294
Dagoberto Nogueira,MS,PASSAGEM AÉREA - SIGEPA,-1048.29,-0.8312
Fausto Pinato,SP,"SERVIÇO DE TÁXI, PEDÁGIO E ESTACIONAMENTO",1864.07,-0.8357
Gilberto Nascimento,SP,PASSAGEM AÉREA - SIGEPA,-534.19,-0.8363
Welter,PR,FORNECIMENTO DE ALIMENTAÇÃO DO PARLAMENTAR,29,-0.846
Welter,PR,FORNECIMENTO DE ALIMENTAÇÃO DO PARLAMENTAR,28.8,-0.8522
Sargento Portugal,RJ,COMBUSTÍVEIS E LUBRIFICANTES.,163.87,-0.87
Welter,PR,"HOSPEDAGEM ,EXCETO DO PARLAMENTAR NO DISTRITO FEDERAL.",190,-0.8862
Fausto Pinato,SP,PASSAGEM AÉREA - SIGEPA,-615.55,-0.892
Damião Feliciano,PB,PASSAGEM AÉREA - SIGEPA,179,-0.8929
Welter,PR,COMBUSTÍVEIS E LUBRIFICANTES.,142.27,-0.9018
Sargento Portugal,RJ,DIVULGAÇÃO DA ATIVIDADE PARLAMENTAR.,3500,-0.9046
Sargento Portugal,RJ,DIVULGAÇÃO DA ATIVIDADE PARLAMENTAR.,3500,-0.9046
Marangoni,SP,PASSAGEM AÉREA - SIGEPA,-635.36,-0.9055
Damião Feliciano,PB,PASSAGEM AÉREA - SIGEPA,163,-0.9095
Damião Feliciano,PB,PASSAGEM AÉREA - SIGEPA,148,-0.925
Bohn Gass,RS,"SERVIÇO DE TÁXI, PEDÁGIO E ESTACIONAMENTO",13,-0.9254
Damião Feliciano,PB,PASSAGEM AÉREA - SIGEPA,144,-0.9292
Damião Feliciano,PB,PASSAGEM AÉREA - SIGEPA,144,-0.9292
Damião Feliciano,PB,PASSAGEM AÉREA - SIGEPA,141,-0.9323
Sargento Portugal,RJ,COMBUSTÍVEIS E LUBRIFICANTES.,161.16,-0.9369
Welter,PR,COMBUSTÍVEIS E LUBRIFICANTES.,139.19,-0.9373
Welter,PR,"HOSPEDAGEM ,EXCETO DO PARLAMENTAR NO DISTRITO FEDERAL.",185.6,-0.9401
Damião Feliciano,PB,PASSAGEM AÉREA - SIGEPA,126,-0.9478
Damião Feliciano,PB,PASSAGEM AÉREA - SIGEPA,126,-0.9478
Welter,PR,COMBUSTÍVEIS E LUBRIFICANTES.,138,-0.951
Damião Feliciano,PB,PASSAGEM AÉREA - SIGEPA,111,-0.9634
Damião Feliciano,PB,PASSAGEM AÉREA - SIGEPA,111,-0.9634
Damião Feliciano,PB,PASSAGEM AÉREA - SIGEPA,111,-0.9634
Sargento Portugal,RJ,COMBUSTÍVEIS E LUBRIFICANTES.,159.93,-0.9673
Marangoni,SP,PASSAGEM AÉREA - SIGEPA,-727.49,-0.9686
Damião Feliciano,PB,PASSAGEM AÉREA - SIGEPA,90,-0.9852
Damião Feliciano,PB,PASSAGEM AÉREA - SIGEPA,90,-0.9852
Damião Feliciano,PB,PASSAGEM AÉREA - SIGEPA,90,-0.9852
Damião Feliciano,PB,PASSAGEM AÉREA - SIGEPA,88,-0.9872
Marangoni,SP,PASSAGEM AÉREA - SIGEPA,-756.76,-0.9887
Marangoni,SP,PASSAGEM AÉREA - SIGEPA,-756.76,-0.9887
Marangoni,SP,PASSAGEM AÉREA - SIGEPA,-756.76,-0.9887
Damião Feliciano,PB,PASSAGEM AÉREA - SIGEPA,85,-0.9903
Damião Feliciano,PB,PASSAGEM AÉREA - SIGEPA,85,-0.9903
Damião Feliciano,PB,PASSAGEM AÉREA - SIGEPA,85,-0.9903
Welter,PR,FORNECIMENTO DE ALIMENTAÇÃO DO PARLAMENTAR,24.3,-0.9918
Bohn Gass,RS,"SERVIÇO DE TÁXI, PEDÁGIO E ESTACIONAMENTO",11.96,-0.9958
Bohn Gass,RS,COMBUSTÍVEIS E LUBRIFICANTES.,256.02,-0.9972
Dagoberto Nogueira,MS,PASSAGEM AÉREA - SIGEPA,-1360.43,-0.9986
Damião Feliciano,PB,PASSAGEM AÉREA - SIGEPA,58,-1.0184
Damião Feliciano,PB,PASSAGEM AÉREA - SIGEPA,55,-1.0215
Damião Feliciano,PB,PASSAGEM AÉREA - SIGEPA,55,-1.0215
Sargento Portugal,RJ,"SERVIÇO DE TÁXI, PEDÁGIO E ESTACIONAMENTO",12.7,-1.0248
Sargento Portugal,RJ,"SERVIÇO DE TÁXI, PEDÁGIO E ESTACIONAMENTO",12.7,-1.0248
Sargento Portugal,RJ,"SERVIÇO DE TÁXI, PEDÁGIO E ESTACIONAMENTO",12.7,-1.0248
Dagoberto Nogueira,MS,TELEFONIA,186.91,-1.0348
Fausto Pinato,SP,DIVULGAÇÃO DA ATIVIDADE PARLAMENTAR.,1921.15,-1.0372
Dagoberto Nogueira,MS,TELEFONIA,182.66,-1.0407
Dagoberto Nogueira,MS,TELEFONIA,182.66,-1.0407
Bohn Gass,RS,DIVULGAÇÃO DA ATIVIDADE PARLAMENTAR.,343,-1.0667
Welter,PR,FORNECIMENTO DE ALIMENTAÇÃO DO PARLAMENTAR,21.87,-1.0672
Welter,PR,COMBUSTÍVEIS E LUBRIFICANTES.,126.96,-1.0784
Dagoberto Nogueira,MS,"HOSPEDAGEM ,EXCETO DO PARLAMENTAR NO DISTRITO FEDERAL.",326,-1.0803
Welter,PR,COMBUSTÍVEIS E LUBRIFICANTES.,126.65,-1.082
Filipe Martins,TO,COMBUSTÍVEIS E LUBRIFICANTES.,150,-1.0832
Bohn Gass,RS,DIVULGAÇÃO DA ATIVIDADE PARLAMENTAR.,250,-1.0917
Dagoberto Nogueira,MS,LOCAÇÃO OU FRETAMENTO DE VEÍCULOS AUTOMOTORES,9800,-1.0954
Sargento Portugal,RJ,LOCAÇÃO OU FRETAMENTO DE VEÍCULOS AUTOMOTORES,10000,-1.0954
Sargento Portugal,RJ,LOCAÇÃO OU FRETAMENTO DE VEÍCULOS AUTOMOTORES,10000,-1.0954
Dagoberto Nogueira,MS,LOCAÇÃO OU FRETAMENTO DE VEÍCULOS AUTOMOTORES,9800,-1.0954
Dagoberto Nogueira,MS,TELEFONIA,140.89,-1.0987
Bohn Gass,RS,MANUTENÇÃO DE ESCRITÓRIO DE APOIO À ATIVIDADE PARLAMENTAR,434.42,-1.1
Bohn Gass,RS,MANUTENÇÃO DE ESCRITÓRIO DE APOIO À ATIVIDADE PARLAMENTAR,383.07,-1.1192
Sargento Portugal,RJ,COMBUSTÍVEIS E LUBRIFICANTES.,152.87,-1.1417
Dagoberto Nogueira,MS,DIVULGAÇÃO DA ATIVIDADE PARLAMENTAR.,150,-1.1535
Dagoberto Nogueira,MS,DIVULGAÇÃO DA ATIVIDADE PARLAMENTAR.,150,-1.1535
Dagoberto Nogueira,MS,DIVULGAÇÃO DA ATIVIDADE PARLAMENTAR.,150,-1.1535
Dagoberto Nogueira,MS,DIVULGAÇÃO DA ATIVIDADE PARLAMENTAR.,150,-1.1535
Dagoberto Nogueira,MS,DIVULGAÇÃO DA ATIVIDADE PARLAMENTAR.,150,-1.1535
Bohn Gass,RS,MANUTENÇÃO DE ESCRITÓRIO DE APOIO À ATIVIDADE PARLAMENTAR,254.9,-1.1674
Filipe Martins,TO,COMBUSTÍVEIS E LUBRIFICANTES.,140,-1.1681
Marangoni,SP,PASSAGEM AÉREA - SIGEPA,-1061.61,-1.1974
Welter,PR,COMBUSTÍVEIS E LUBRIFICANTES.,116.23,-1.2022
Welter,PR,COMBUSTÍVEIS E LUBRIFICANTES.,115.49,-1.2108
Marangoni,SP,DIVULGAÇÃO DA ATIVIDADE PARLAMENTAR.,862.69,-1.2137
Marangoni,SP,DIVULGAÇÃO DA ATIVIDADE PARLAMENTAR.,843.98,-1.2169
Bohn Gass,RS,MANUTENÇÃO DE ESCRITÓRIO DE APOIO À ATIVIDADE PARLAMENTAR,40,-1.248
Sargento Portugal,RJ,"SERVIÇO DE TÁXI, PEDÁGIO E ESTACIONAMENTO",11.7,-1.2483
Dagoberto Nogueira,MS,FORNECIMENTO DE ALIMENTAÇÃO DO PARLAMENTAR,41.3,-1.2605
Sargento Portugal,RJ,"SERVIÇO DE TÁXI, PEDÁGIO E ESTACIONAMENTO",11.6,-1.2706
Marangoni,SP,DIVULGAÇÃO DA ATIVIDADE PARLAMENTAR.,272.29,-1.3122
Sargento Portugal,RJ,"SERVIÇO DE TÁXI, PEDÁGIO E ESTACIONAMENTO",11.4,-1.3153
Sargento Portugal,RJ,"SERVIÇO DE TÁXI, PEDÁGIO E ESTACIONAMENTO",11.4,-1.3153
Sargento Portugal,RJ,COMBUSTÍVEIS E LUBRIFICANTES.,145.02,-1.3356
Sargento Portugal,RJ,"SERVIÇO DE TÁXI, PEDÁGIO E ESTACIONAMENTO",11.3,-1.3377
Marangoni,SP,PASSAGEM AÉREA - SIGEPA,-1326.55,-1.3789
Pedro Paulo,RJ,PASSAGEM AÉREA - SIGEPA,-921.52,-1.3869
Pedro Paulo,RJ,PASSAGEM AÉREA - SIGEPA,-921.52,-1.3869
Welter,PR,COMBUSTÍVEIS E LUBRIFICANTES.,100,-1.3895
Welter,PR,COMBUSTÍVEIS E LUBRIFICANTES.,100,-1.3895
Welter,PR,COMBUSTÍVEIS E LUBRIFICANTES.,100,-1.3895
Bohn Gass,RS,PASSAGEM AÉREA - SIGEPA,-780.82,-1.3913
Pedro Paulo,RJ,DIVULGAÇÃO DA ATIVIDADE PARLAMENTAR.,1759.03,-1.4489
Filipe Martins,TO,PASSAGEM AÉREA - SIGEPA,-3020.04,-1.4754
Gilberto Nascimento,SP,PASSAGEM AÉREA - SIGEPA,-1472,-1.4785
Filipe Martins,TO,COMBUSTÍVEIS E LUBRIFICANTES.,101.09,-1.4988
Filipe Martins,TO,COMBUSTÍVEIS E LUBRIFICANTES.,100,-1.5081
Filipe Martins,TO,COMBUSTÍVEIS E LUBRIFICANTES.,100,-1.5081
Bohn Gass,RS,COMBUSTÍVEIS E LUBRIFICANTES.,238.76,-1.5262
Gilberto Nascimento,SP,PASSAGEM AÉREA - SIGEPA,-1565.41,-1.5424
Sargento Portugal,RJ,PASSAGEM AÉREA - SIGEPA,-1288.57,-1.6336
Sargento Portugal,RJ,PASSAGEM AÉREA - SIGEPA,-1303.2,-1.6435
Marangoni,SP,PASSAGEM AÉREA - SIGEPA,-1844.82,-1.7338
Marangoni,SP,PASSAGEM AÉREA - SIGEPA,-1892.21,-1.7662
Dagoberto Nogueira,MS,PASSAGEM AÉREA - SIGEPA,-2803.77,-1.7728
Welter,PR,COMBUSTÍVEIS E LUBRIFICANTES.,63.34,-1.8125
Gilberto Nascimento,SP,PASSAGEM AÉREA - SIGEPA,-2089.52,-1.9013
Sargento Portugal,RJ,COMBUSTÍVEIS E LUBRIFICANTES.,122.05,-1.9029
Filipe Martins,TO,COMBUSTÍVEIS E LUBRIFICANTES.,50.04,-1.9326
Filipe Martins,TO,COMBUSTÍVEIS E LUBRIFICANTES.,50,-1.933
Filipe Martins,TO,COMBUSTÍVEIS E LUBRIFICANTES.,50,-1.933
Filipe Martins,TO,COMBUSTÍVEIS E LUBRIFICANTES.,50,-1.933
Marangoni,SP,PASSAGEM AÉREA - SIGEPA,-2257.18,-2.0161
Sargento Portugal,RJ,PASSAGEM AÉREA - SIGEPA,-1943.13,-2.0736
Pedro Paulo,RJ,PASSAGEM AÉREA - SIGEPA,-2021.15,-2.1261
Bohn Gass,RS,COMBUSTÍVEIS E LUBRIFICANTES.,212.44,-2.3327
Pedro Paulo,RJ,PASSAGEM AÉREA - SIGEPA,-2356.07,-2.3512
Marangoni,SP,PASSAGEM AÉREA - SIGEPA,-3020.04,-2.5385
