aprovacao,data,dataHoraRegistro,descricao,id,proposicaoObjeto,siglaOrgao,uri,uriEvento,uriOrgao,uriProposicaoObjeto
1,2026-04-23,2026-04-23T12:13:56,"Aprovada a Redação Final assinada pelo relator, Dep. Marcelo Queiroz (PSDB/RJ).",2317939-77,null,PLEN,https://dadosabertos.camara.leg.br/api/v2/votacoes/2317939-77,https://dadosabertos.camara.leg.br/api/v2/eventos/81738,https://dadosabertos.camara.leg.br/api/v2/orgaos/180,null
1,2026-04-23,2026-04-23T12:13:18,"Aprovado o Substitutivo ao Projeto de Lei nº 580, de 2022, adotado pelo relator da Comissão de Constituição e Justiça e de Cidadania.",2317939-74,null,PLEN,https://dadosabertos.camara.leg.br/api/v2/votacoes/2317939-74,https://dadosabertos.camara.leg.br/api/v2/eventos/81738,https://dadosabertos.camara.leg.br/api/v2/orgaos/180,null
1,2026-04-22,2026-04-22T22:54:26,"Aprovada a Redação Final assinada pelo relator, Dep. Sidney Leite (PSD-AM).",2419185-72,null,PLEN,https://dadosabertos.camara.leg.br/api/v2/votacoes/2419185-72,https://dadosabertos.camara.leg.br/api/v2/eventos/81726,https://dadosabertos.camara.leg.br/api/v2/orgaos/180,null
1,2026-04-22,2026-04-22T22:52:57,"Aprovado o Substitutivo ao Projeto de Lei nº 539, de 2024, adotado pelo relator da Comissão da Amazônia e dos Povos Originários e Tradicionais.",2419185-69,null,PLEN,https://dadosabertos.camara.leg.br/api/v2/votacoes/2419185-69,https://dadosabertos.camara.leg.br/api/v2/eventos/81726,https://dadosabertos.camara.leg.br/api/v2/orgaos/180,null
1,2026-04-22,2026-04-22T22:40:53,Aprovada a Emenda de Redação nº 1.,2234260-169,null,PLEN,https://dadosabertos.camara.leg.br/api/v2/votacoes/2234260-169,https://dadosabertos.camara.leg.br/api/v2/eventos/81726,https://dadosabertos.camara.leg.br/api/v2/orgaos/180,null
1,2026-04-22,2026-04-22T22:38:01,"Aprovada a Redação Final assinada pela relatora, Dep. Flávia Morais (PDT-GO).",2234260-166,null,PLEN,https://dadosabertos.camara.leg.br/api/v2/votacoes/2234260-166,https://dadosabertos.camara.leg.br/api/v2/eventos/81726,https://dadosabertos.camara.leg.br/api/v2/orgaos/180,null
null,2026-04-22,2026-04-22T22:37:34,Mantido o texto. Sim: 252; Não: 161; Total: 413.,2234260-164,null,PLEN,https://dadosabertos.camara.leg.br/api/v2/votacoes/2234260-164,https://dadosabertos.camara.leg.br/api/v2/eventos/81726,https://dadosabertos.camara.leg.br/api/v2/orgaos/180,null
0,2026-04-22,2026-04-22T22:25:20,Rejeitada a Emenda de Plenário nº 26.,2234260-145,null,PLEN,https://dadosabertos.camara.leg.br/api/v2/votacoes/2234260-145,https://dadosabertos.camara.leg.br/api/v2/eventos/81726,https://dadosabertos.camara.leg.br/api/v2/orgaos/180,null
1,2026-04-22,2026-04-22T22:21:59,"Aprovada a Subemenda Substitutiva Global ao Projeto de Lei nº 6.461, de 2019, adotada pela relatora da Comissão Especial, ressalvados os destaques.",2234260-141,null,PLEN,https://dadosabertos.camara.leg.br/api/v2/votacoes/2234260-141,https://dadosabertos.camara.leg.br/api/v2/eventos/81726,https://dadosabertos.camara.leg.br/api/v2/orgaos/180,null
0,2026-04-22,2026-04-22T22:18:32,Rejeitado o Requerimento.,2234260-137,null,PLEN,https://dadosabertos.camara.leg.br/api/v2/votacoes/2234260-137,https://dadosabertos.camara.leg.br/api/v2/eventos/81726,https://dadosabertos.camara.leg.br/api/v2/orgaos/180,null
1,2026-04-22,2026-04-22T22:18:11,"Aprovada a Redação Final assinada pelo relator, Dep. Doutor Luizinho (PP-RJ).",2469569-41,null,PLEN,https://dadosabertos.camara.leg.br/api/v2/votacoes/2469569-41,https://dadosabertos.camara.leg.br/api/v2/eventos/81726,https://dadosabertos.camara.leg.br/api/v2/orgaos/180,null
1,2026-04-22,2026-04-22T22:17:21,"Aprovado o Substitutivo ao Projeto de Lei nº 4.397, de 2024, adotado pelo relator da Comissão de Constituição e Justiça e de Cidadania. Sim: 300; Não: 36; Abstenção: 1; Total: 337.",2469569-38,null,PLEN,https://dadosabertos.camara.leg.br/api/v2/votacoes/2469569-38,https://dadosabertos.camara.leg.br/api/v2/eventos/81726,https://dadosabertos.camara.leg.br/api/v2/orgaos/180,null
0,2026-04-22,2026-04-22T22:05:04,Rejeitado o Requerimento.,2469569-34,null,PLEN,https://dadosabertos.camara.leg.br/api/v2/votacoes/2469569-34,https://dadosabertos.camara.leg.br/api/v2/eventos/81726,https://dadosabertos.camara.leg.br/api/v2/orgaos/180,null
1,2026-04-22,2026-04-22T22:02:01,"Aprovada a Redação Final, assinada pela relatora, Dep. Amanda Gentil (PP/MA).",2617614-23,null,PLEN,https://dadosabertos.camara.leg.br/api/v2/votacoes/2617614-23,https://dadosabertos.camara.leg.br/api/v2/eventos/81726,https://dadosabertos.camara.leg.br/api/v2/orgaos/180,null
1,2026-04-22,2026-04-22T22:01:33,"Aprovado o Projeto de Resolução nº 22, de 2026.",2617614-20,null,PLEN,https://dadosabertos.camara.leg.br/api/v2/votacoes/2617614-20,https://dadosabertos.camara.leg.br/api/v2/eventos/81726,https://dadosabertos.camara.leg.br/api/v2/orgaos/180,null
1,2026-04-22,2026-04-22T21:53:41,Aprovado o Requerimento de Urgência (Art. 155 do RICD).,2617639-6,REQ 2189/2026,PLEN,https://dadosabertos.camara.leg.br/api/v2/votacoes/2617639-6,https://dadosabertos.camara.leg.br/api/v2/eventos/81726,https://dadosabertos.camara.leg.br/api/v2/orgaos/180,https://dadosabertos.camara.leg.br/api/v2/proposicoes/2617639
1,2026-04-22,2026-04-22T21:52:55,"Realizar o encaminhamento do PLP-158/2025 à CASP (tramitação simultânea), em razão da aprovação de requerimento de urgência.",2539320-13,null,CCP,https://dadosabertos.camara.leg.br/api/v2/votacoes/2539320-13,null,https://dadosabertos.camara.leg.br/api/v2/orgaos/186,null
1,2026-04-22,2026-04-22T21:52:55,"Realizar o encaminhamento do PLP-158/2025 à CPASF (tramitação simultânea), em razão da aprovação de requerimento de urgência.",2539320-12,null,CCP,https://dadosabertos.camara.leg.br/api/v2/votacoes/2539320-12,null,https://dadosabertos.camara.leg.br/api/v2/orgaos/186,null
1,2026-04-22,2026-04-22T21:52:54,"Realizar o encaminhamento do PLP-158/2025 à CFT (tramitação simultânea), em razão da aprovação de requerimento de urgência.",2539320-11,null,CCP,https://dadosabertos.camara.leg.br/api/v2/votacoes/2539320-11,null,https://dadosabertos.camara.leg.br/api/v2/orgaos/186,null
1,2026-04-22,2026-04-22T21:52:54,"Realizar o encaminhamento do PLP-158/2025 à CCJC (tramitação simultânea), em razão da aprovação de requerimento de urgência.",2539320-10,null,CCP,https://dadosabertos.camara.leg.br/api/v2/votacoes/2539320-10,null,https://dadosabertos.camara.leg.br/api/v2/orgaos/186,null
1,2026-04-22,2026-04-22T21:52:54,"Aprovado, por unanimidade, o Requerimento de Urgência (Art. 155 do RICD).",2609070-7,REQ 1425/2026,PLEN,https://dadosabertos.camara.leg.br/api/v2/votacoes/2609070-7,https://dadosabertos.camara.leg.br/api/v2/eventos/81726,https://dadosabertos.camara.leg.br/api/v2/orgaos/180,https://dadosabertos.camara.leg.br/api/v2/proposicoes/2609070
1,2026-04-22,2026-04-22T21:51:53,"Realizar o encaminhamento do PL-4583/2024 à CCJC (tramitação simultânea), em razão da aprovação de requerimento de urgência.",2473086-56,null,CCP,https://dadosabertos.camara.leg.br/api/v2/votacoes/2473086-56,null,https://dadosabertos.camara.leg.br/api/v2/orgaos/186,null
1,2026-04-22,2026-04-22T21:51:52,"Realizar o encaminhamento do PL-4583/2024 à CCJC (tramitação simultânea), em razão da aprovação de requerimento de urgência.",2473086-55,null,CCP,https://dadosabertos.camara.leg.br/api/v2/votacoes/2473086-55,null,https://dadosabertos.camara.leg.br/api/v2/orgaos/186,null
1,2026-04-22,2026-04-22T21:51:52,"Aprovado, por unanimidade, o Requerimento de Urgência (Art. 155 do RICD).",2617469-6,REQ 2154/2026,PLEN,https://dadosabertos.camara.leg.br/api/v2/votacoes/2617469-6,https://dadosabertos.camara.leg.br/api/v2/eventos/81726,https://dadosabertos.camara.leg.br/api/v2/orgaos/180,https://dadosabertos.camara.leg.br/api/v2/proposicoes/2617469
1,2026-04-22,2026-04-22T21:50:17,"Realizar o encaminhamento do PL-6399/2025 à CFT (tramitação simultânea), em razão da aprovação de requerimento de urgência.",2596429-21,null,CCP,https://dadosabertos.camara.leg.br/api/v2/votacoes/2596429-21,null,https://dadosabertos.camara.leg.br/api/v2/orgaos/186,null
1,2026-04-22,2026-04-22T21:50:17,"Realizar o encaminhamento do PL-6399/2025 à CFT (tramitação simultânea), em razão da aprovação de requerimento de urgência.",2596429-20,null,CCP,https://dadosabertos.camara.leg.br/api/v2/votacoes/2596429-20,null,https://dadosabertos.camara.leg.br/api/v2/orgaos/186,null
1,2026-04-22,2026-04-22T21:50:16,"Realizar o encaminhamento do PL-6399/2025 à CCJC (tramitação simultânea), em razão da aprovação de requerimento de urgência.",2596429-19,null,CCP,https://dadosabertos.camara.leg.br/api/v2/votacoes/2596429-19,null,https://dadosabertos.camara.leg.br/api/v2/orgaos/186,null
1,2026-04-22,2026-04-22T21:50:15,Aprovado o Requerimento de Urgência (Art. 155 do RICD).,2616936-7,REQ 2112/2026,PLEN,https://dadosabertos.camara.leg.br/api/v2/votacoes/2616936-7,https://dadosabertos.camara.leg.br/api/v2/eventos/81726,https://dadosabertos.camara.leg.br/api/v2/orgaos/180,https://dadosabertos.camara.leg.br/api/v2/proposicoes/2616936
1,2026-04-22,2026-04-22T21:47:12,"Aprovada a Redação Final assinada pelo relator, Dep. Marx Beltrão (PP/AL).",2368697-73,null,PLEN,https://dadosabertos.camara.leg.br/api/v2/votacoes/2368697-73,https://dadosabertos.camara.leg.br/api/v2/eventos/81726,https://dadosabertos.camara.leg.br/api/v2/orgaos/180,null
null,2026-04-22,2026-04-22T21:46:16,Mantido o texto.,2368697-71,null,PLEN,https://dadosabertos.camara.leg.br/api/v2/votacoes/2368697-71,https://dadosabertos.camara.leg.br/api/v2/eventos/81726,https://dadosabertos.camara.leg.br/api/v2/orgaos/180,null
null,2026-04-22,2026-04-22T21:45:11,Mantido o texto.,2368697-68,null,PLEN,https://dadosabertos.camara.leg.br/api/v2/votacoes/2368697-68,https://dadosabertos.camara.leg.br/api/v2/eventos/81726,https://dadosabertos.camara.leg.br/api/v2/orgaos/180,null
null,2026-04-22,2026-04-22T21:44:27,Mantido o texto.,2368697-65,null,PLEN,https://dadosabertos.camara.leg.br/api/v2/votacoes/2368697-65,https://dadosabertos.camara.leg.br/api/v2/eventos/81726,https://dadosabertos.camara.leg.br/api/v2/orgaos/180,null
0,2026-04-22,2026-04-22T21:36:07,Rejeitada a Emenda de Plenário nº 4.,2368697-62,null,PLEN,https://dadosabertos.camara.leg.br/api/v2/votacoes/2368697-62,https://dadosabertos.camara.leg.br/api/v2/eventos/81726,https://dadosabertos.camara.leg.br/api/v2/orgaos/180,null
null,2026-04-22,2026-04-22T21:34:03,Mantido o texto.,2368697-59,null,PLEN,https://dadosabertos.camara.leg.br/api/v2/votacoes/2368697-59,https://dadosabertos.camara.leg.br/api/v2/eventos/81726,https://dadosabertos.camara.leg.br/api/v2/orgaos/180,null
1,2026-04-22,2026-04-22T21:28:47,"Aprovada a Subemenda Substitutiva Global ao Projeto de Lei nº 3.025, de 2023, adotada pelo relator da Comissão de Minas e Energia, ressalvados os destaques.",2368697-53,null,PLEN,https://dadosabertos.camara.leg.br/api/v2/votacoes/2368697-53,https://dadosabertos.camara.leg.br/api/v2/eventos/81726,https://dadosabertos.camara.leg.br/api/v2/orgaos/180,null
0,2026-04-22,2026-04-22T21:25:40,Rejeitada a Preferência.,2368697-51,null,PLEN,https://dadosabertos.camara.leg.br/api/v2/votacoes/2368697-51,https://dadosabertos.camara.leg.br/api/v2/eventos/81726,https://dadosabertos.camara.leg.br/api/v2/orgaos/180,null
0,2026-04-22,2026-04-22T21:24:46,Rejeitado o Requerimento. Sim: 119; Não: 241; Total: 360.,2368697-49,null,PLEN,https://dadosabertos.camara.leg.br/api/v2/votacoes/2368697-49,https://dadosabertos.camara.leg.br/api/v2/eventos/81726,https://dadosabertos.camara.leg.br/api/v2/orgaos/180,null
0,2026-04-22,2026-04-22T21:01:12,Rejeitado o Requerimento. Sim: 120; Não: 270; Total: 390.,2368697-43,null,PLEN,https://dadosabertos.camara.leg.br/api/v2/votacoes/2368697-43,https://dadosabertos.camara.leg.br/api/v2/eventos/81726,https://dadosabertos.camara.leg.br/api/v2/orgaos/180,null
0,2026-04-22,2026-04-22T20:45:54,Rejeitado o Requerimento. Sim: 117; Não: 278; Total: 395.,2368697-38,null,PLEN,https://dadosabertos.camara.leg.br/api/v2/votacoes/2368697-38,https://dadosabertos.camara.leg.br/api/v2/eventos/81726,https://dadosabertos.camara.leg.br/api/v2/orgaos/180,null
1,2026-04-22,2026-04-22T20:32:51,"Aprovada a Redação Final, assinada pelo relator, Dep. Antonio Brito (PSD/BA).",2582523-43,null,PLEN,https://dadosabertos.camara.leg.br/api/v2/votacoes/2582523-43,https://dadosabertos.camara.leg.br/api/v2/eventos/81726,https://dadosabertos.camara.leg.br/api/v2/orgaos/180,null
1,2026-04-22,2026-04-22T20:31:27,"Aprovado o Substitutivo ao Projeto de Resolução nº 80, de 2025, adotado pelo relator da Mesa Diretora da Câmara dos Deputados.",2582523-40,null,PLEN,https://dadosabertos.camara.leg.br/api/v2/votacoes/2582523-40,https://dadosabertos.camara.leg.br/api/v2/eventos/81726,https://dadosabertos.camara.leg.br/api/v2/orgaos/180,null
1,2026-04-22,2026-04-22T19:55:37,"Aprovada a Redação Final assinada pelo relator, Dep. Tarcísio Motta (PSOL/RJ).",2419128-93,null,PLEN,https://dadosabertos.camara.leg.br/api/v2/votacoes/2419128-93,https://dadosabertos.camara.leg.br/api/v2/eventos/81726,https://dadosabertos.camara.leg.br/api/v2/orgaos/180,null
1,2026-04-22,2026-04-22T19:54:23,"Aprovada a Subemenda Substitutiva Global ao Projeto de Lei nº 533, de 2024, adotada pelo relator da Comissão de Educação.",2419128-90,null,PLEN,https://dadosabertos.camara.leg.br/api/v2/votacoes/2419128-90,https://dadosabertos.camara.leg.br/api/v2/eventos/81726,https://dadosabertos.camara.leg.br/api/v2/orgaos/180,null
0,2026-04-22,2026-04-22T19:44:30,Rejeitado o Requerimento.,2419128-88,null,PLEN,https://dadosabertos.camara.leg.br/api/v2/votacoes/2419128-88,https://dadosabertos.camara.leg.br/api/v2/eventos/81726,https://dadosabertos.camara.leg.br/api/v2/orgaos/180,null
0,2026-04-22,2026-04-22T19:34:48,Rejeitado o Requerimento.,2419128-82,null,PLEN,https://dadosabertos.camara.leg.br/api/v2/votacoes/2419128-82,https://dadosabertos.camara.leg.br/api/v2/eventos/81726,https://dadosabertos.camara.leg.br/api/v2/orgaos/180,null
0,2026-04-22,2026-04-22T19:25:42,Rejeitado o Requerimento. Sim: 127; Não: 268; Total: 395.,2419128-78,null,PLEN,https://dadosabertos.camara.leg.br/api/v2/votacoes/2419128-78,https://dadosabertos.camara.leg.br/api/v2/eventos/81726,https://dadosabertos.camara.leg.br/api/v2/orgaos/180,null
1,2026-04-22,2026-04-22T17:02:08,Aprovado o Parecer.,2233802-72,null,CCJC,https://dadosabertos.camara.leg.br/api/v2/votacoes/2233802-72,https://dadosabertos.camara.leg.br/api/v2/eventos/81688,https://dadosabertos.camara.leg.br/api/v2/orgaos/2003,null
1,2026-04-17,2026-04-17T10:52:37,Aprovada a Subemenda da Comissão de Constituição e Justiça e de Cidadania.,530513-109,null,PLEN,https://dadosabertos.camara.leg.br/api/v2/votacoes/530513-109,https://dadosabertos.camara.leg.br/api/v2/eventos/81699,https://dadosabertos.camara.leg.br/api/v2/orgaos/180,null
1,2026-04-17,2026-04-17T10:51:40,"Aprovado o Substitutivo ao Projeto de Lei nº 2.879, de 2011, da Comissão de Viação e Transportes.",530513-106,null,PLEN,https://dadosabertos.camara.leg.br/api/v2/votacoes/530513-106,https://dadosabertos.camara.leg.br/api/v2/eventos/81699,https://dadosabertos.camara.leg.br/api/v2/orgaos/180,null
1,2026-04-16,2026-04-16T12:08:22,"Aprovada a Redação Final assinada pela relatora, Dep. Bia Kicis (PL/DF).",2266116-139,null,PLEN,https://dadosabertos.camara.leg.br/api/v2/votacoes/2266116-139,https://dadosabertos.camara.leg.br/api/v2/eventos/81692,https://dadosabertos.camara.leg.br/api/v2/orgaos/180,null
1,2026-04-16,2026-04-16T12:07:51,"Aprovadas as Emendas do Senado Federal ao Projeto de Lei nº 5.391, de 2020.",2266116-137,null,PLEN,https://dadosabertos.camara.leg.br/api/v2/votacoes/2266116-137,https://dadosabertos.camara.leg.br/api/v2/eventos/81692,https://dadosabertos.camara.leg.br/api/v2/orgaos/180,null
0,2026-04-16,2026-04-16T11:41:16,Rejeitado o Requerimento.,2266116-130,null,PLEN,https://dadosabertos.camara.leg.br/api/v2/votacoes/2266116-130,https://dadosabertos.camara.leg.br/api/v2/eventos/81692,https://dadosabertos.camara.leg.br/api/v2/orgaos/180,null
0,2026-04-16,2026-04-16T11:23:47,Rejeitado o Requerimento.,2266116-126,null,PLEN,https://dadosabertos.camara.leg.br/api/v2/votacoes/2266116-126,https://dadosabertos.camara.leg.br/api/v2/eventos/81692,https://dadosabertos.camara.leg.br/api/v2/orgaos/180,null
0,2026-04-16,2026-04-16T11:10:37,Rejeitado o Requerimento.,2266116-123,null,PLEN,https://dadosabertos.camara.leg.br/api/v2/votacoes/2266116-123,https://dadosabertos.camara.leg.br/api/v2/eventos/81692,https://dadosabertos.camara.leg.br/api/v2/orgaos/180,null
1,2026-04-16,2026-04-16T10:44:13,"Aprovadas as Emendas do Senado Federal ao Projeto de Lei nº 7.750, de 2017.",2139808-110,null,PLEN,https://dadosabertos.camara.leg.br/api/v2/votacoes/2139808-110,https://dadosabertos.camara.leg.br/api/v2/eventos/81692,https://dadosabertos.camara.leg.br/api/v2/orgaos/180,null
1,2026-04-16,2026-04-16T10:41:23,"Aprovada a Redação Final, assinada pela relatora, Dep. Chris Tonietto (PL/RJ).",1198010-165,null,PLEN,https://dadosabertos.camara.leg.br/api/v2/votacoes/1198010-165,https://dadosabertos.camara.leg.br/api/v2/eventos/81692,https://dadosabertos.camara.leg.br/api/v2/orgaos/180,null
1,2026-04-16,2026-04-16T10:40:21,Aprovada a Emenda de Redação.,1198010-163,null,PLEN,https://dadosabertos.camara.leg.br/api/v2/votacoes/1198010-163,https://dadosabertos.camara.leg.br/api/v2/eventos/81692,https://dadosabertos.camara.leg.br/api/v2/orgaos/180,null
1,2026-04-16,2026-04-16T10:35:18,Aprovado o Requerimento.,2616120-2,REQ 4/2026 CEXMABRU,CEXMABRU,https://dadosabertos.camara.leg.br/api/v2/votacoes/2616120-2,https://dadosabertos.camara.leg.br/api/v2/eventos/81593,https://dadosabertos.camara.leg.br/api/v2/orgaos/539407,https://dadosabertos.camara.leg.br/api/v2/proposicoes/2616120
1,2026-04-16,2026-04-16T10:35:09,Aprovado o Requerimento.,2616036-2,REQ 3/2026 CEXMABRU,CEXMABRU,https://dadosabertos.camara.leg.br/api/v2/votacoes/2616036-2,https://dadosabertos.camara.leg.br/api/v2/eventos/81593,https://dadosabertos.camara.leg.br/api/v2/orgaos/539407,https://dadosabertos.camara.leg.br/api/v2/proposicoes/2616036
1,2026-04-16,2026-04-16T10:34:55,Aprovado o Requerimento.,2616027-2,REQ 2/2026 CEXMABRU,CEXMABRU,https://dadosabertos.camara.leg.br/api/v2/votacoes/2616027-2,https://dadosabertos.camara.leg.br/api/v2/eventos/81593,https://dadosabertos.camara.leg.br/api/v2/orgaos/539407,https://dadosabertos.camara.leg.br/api/v2/proposicoes/2616027
1,2026-04-16,2026-04-16T10:34:42,Aprovado o Requerimento.,2608152-2,REQ 1/2026 CEXMABRU,CEXMABRU,https://dadosabertos.camara.leg.br/api/v2/votacoes/2608152-2,https://dadosabertos.camara.leg.br/api/v2/eventos/81593,https://dadosabertos.camara.leg.br/api/v2/orgaos/539407,https://dadosabertos.camara.leg.br/api/v2/proposicoes/2608152
1,2026-04-16,2026-04-16T10:34:30,Aprovado o Requerimento.,2517813-2,REQ 9/2025 CEXMABRU,CEXMABRU,https://dadosabertos.camara.leg.br/api/v2/votacoes/2517813-2,https://dadosabertos.camara.leg.br/api/v2/eventos/81593,https://dadosabertos.camara.leg.br/api/v2/orgaos/539407,https://dadosabertos.camara.leg.br/api/v2/proposicoes/2517813
1,2026-04-16,2026-04-16T10:34:19,Aprovado o Requerimento.,2489197-2,REQ 8/2025 CEXMABRU,CEXMABRU,https://dadosabertos.camara.leg.br/api/v2/votacoes/2489197-2,https://dadosabertos.camara.leg.br/api/v2/eventos/81593,https://dadosabertos.camara.leg.br/api/v2/orgaos/539407,https://dadosabertos.camara.leg.br/api/v2/proposicoes/2489197
1,2026-04-16,2026-04-16T10:33:35,Aprovado o Requerimento.,2489196-2,REQ 7/2025 CEXMABRU,CEXMABRU,https://dadosabertos.camara.leg.br/api/v2/votacoes/2489196-2,https://dadosabertos.camara.leg.br/api/v2/eventos/81593,https://dadosabertos.camara.leg.br/api/v2/orgaos/539407,https://dadosabertos.camara.leg.br/api/v2/proposicoes/2489196
1,2026-04-16,2026-04-16T10:33:21,Aprovado o Requerimento.,2485127-2,REQ 6/2025 CEXMABRU,CEXMABRU,https://dadosabertos.camara.leg.br/api/v2/votacoes/2485127-2,https://dadosabertos.camara.leg.br/api/v2/eventos/81593,https://dadosabertos.camara.leg.br/api/v2/orgaos/539407,https://dadosabertos.camara.leg.br/api/v2/proposicoes/2485127
1,2026-04-16,2026-04-16T10:33:09,Aprovado o Requerimento.,2458903-2,REQ 12/2024 CEXMABRU,CEXMABRU,https://dadosabertos.camara.leg.br/api/v2/votacoes/2458903-2,https://dadosabertos.camara.leg.br/api/v2/eventos/81593,https://dadosabertos.camara.leg.br/api/v2/orgaos/539407,https://dadosabertos.camara.leg.br/api/v2/proposicoes/2458903
1,2026-04-15,2026-04-15T21:51:26,"Aprovada a Redação Final, assinada pela relatora, Dep. Laura Carneiro (PSD/RJ).",2608575-66,null,PLEN,https://dadosabertos.camara.leg.br/api/v2/votacoes/2608575-66,https://dadosabertos.camara.leg.br/api/v2/eventos/81658,https://dadosabertos.camara.leg.br/api/v2/orgaos/180,null
1,2026-04-15,2026-04-15T21:50:20,"Aprovado o Projeto de Lei Complementar nº 55, de 2026. Sim: 342; Não: 39; Total: 381.",2608575-64,null,PLEN,https://dadosabertos.camara.leg.br/api/v2/votacoes/2608575-64,https://dadosabertos.camara.leg.br/api/v2/eventos/81658,https://dadosabertos.camara.leg.br/api/v2/orgaos/180,null
1,2026-04-15,2026-04-15T21:33:43,"Aprovada a Redação Final assinada pelo relator, Dep. Luiz Carlos Busato (União - RS).",2495726-51,null,PLEN,https://dadosabertos.camara.leg.br/api/v2/votacoes/2495726-51,https://dadosabertos.camara.leg.br/api/v2/eventos/81658,https://dadosabertos.camara.leg.br/api/v2/orgaos/180,null
1,2026-04-15,2026-04-15T21:33:10,Aprovada a Emenda nº 1 da Comissão de Constituição e Justiça e de Cidadania.,2495726-49,null,PLEN,https://dadosabertos.camara.leg.br/api/v2/votacoes/2495726-49,https://dadosabertos.camara.leg.br/api/v2/eventos/81658,https://dadosabertos.camara.leg.br/api/v2/orgaos/180,null
1,2026-04-15,2026-04-15T21:32:41,"Aprovado o Projeto de Lei nº 2.083, de 2022.",2495726-47,null,PLEN,https://dadosabertos.camara.leg.br/api/v2/votacoes/2495726-47,https://dadosabertos.camara.leg.br/api/v2/eventos/81658,https://dadosabertos.camara.leg.br/api/v2/orgaos/180,null
1,2026-04-15,2026-04-15T21:27:02,"Aprovada a Redação Final, assinada pelo relator, Dep. Márcio Marinho (REPUBLIC/BA).",2334815-83,null,PLEN,https://dadosabertos.camara.leg.br/api/v2/votacoes/2334815-83,https://dadosabertos.camara.leg.br/api/v2/eventos/81658,https://dadosabertos.camara.leg.br/api/v2/orgaos/180,null
0,2026-04-15,2026-04-15T21:26:45,Rejeitada a Emenda de Plenário.,2334815-81,null,PLEN,https://dadosabertos.camara.leg.br/api/v2/votacoes/2334815-81,https://dadosabertos.camara.leg.br/api/v2/eventos/81658,https://dadosabertos.camara.leg.br/api/v2/orgaos/180,null
1,2026-04-15,2026-04-15T21:25:46,"Aprovado o Projeto de Decreto Legislativo nº 330, de 2022.",2334815-78,null,PLEN,https://dadosabertos.camara.leg.br/api/v2/votacoes/2334815-78,https://dadosabertos.camara.leg.br/api/v2/eventos/81658,https://dadosabertos.camara.leg.br/api/v2/orgaos/180,null
1,2026-04-15,2026-04-15T21:11:20,"Aprovado o Projeto de Lei nº 4.740, de 2025.",2611097-23,null,PLEN,https://dadosabertos.camara.leg.br/api/v2/votacoes/2611097-23,https://dadosabertos.camara.leg.br/api/v2/eventos/81658,https://dadosabertos.camara.leg.br/api/v2/orgaos/180,null
1,2026-04-15,2026-04-15T20:58:10,"Alteração do Regime de Tramitação desta proposição em virtude da alteração do regime do PL 241/2023, por ter sido aprovado o REQ 2111/2026 que está apensado ao primeiro.",2426959-19,PL 1269/2024,PLEN,https://dadosabertos.camara.leg.br/api/v2/votacoes/2426959-19,null,https://dadosabertos.camara.leg.br/api/v2/orgaos/180,https://dadosabertos.camara.leg.br/api/v2/proposicoes/2426959
1,2026-04-15,2026-04-15T20:58:10,"Alteração do Regime de Tramitação desta proposição em virtude da alteração do regime do PL 241/2023, por ter sido aprovado o REQ 2111/2026 que está apensado ao primeiro.",2354132-23,null,PLEN,https://dadosabertos.camara.leg.br/api/v2/votacoes/2354132-23,null,https://dadosabertos.camara.leg.br/api/v2/orgaos/180,null
1,2026-04-15,2026-04-15T20:58:09,Alteração do Regime de Tramitação desta proposição em virtude da Aprovação do REQ 2111/2026.,2347038-57,null,PLEN,https://dadosabertos.camara.leg.br/api/v2/votacoes/2347038-57,null,https://dadosabertos.camara.leg.br/api/v2/orgaos/180,null
1,2026-04-15,2026-04-15T20:58:09,"Realizar o encaminhamento do PL-241/2023 à CFT (tramitação simultânea), em razão da aprovação de requerimento de urgência.",2347038-56,null,CCP,https://dadosabertos.camara.leg.br/api/v2/votacoes/2347038-56,null,https://dadosabertos.camara.leg.br/api/v2/orgaos/186,null
1,2026-04-15,2026-04-15T20:58:08,"Realizar o encaminhamento do PL-241/2023 à CCJC (tramitação simultânea), em razão da aprovação de requerimento de urgência.",2347038-55,null,CCP,https://dadosabertos.camara.leg.br/api/v2/votacoes/2347038-55,null,https://dadosabertos.camara.leg.br/api/v2/orgaos/186,null
1,2026-04-15,2026-04-15T20:58:07,"Aprovado o requerimento nº 2111/2026,do Sr. Capitão Augusto, que solicita urgência (art. 155) para o PL 241/2023.",2426959-18,PL 1269/2024,PLEN,https://dadosabertos.camara.leg.br/api/v2/votacoes/2426959-18,null,https://dadosabertos.camara.leg.br/api/v2/orgaos/180,https://dadosabertos.camara.leg.br/api/v2/proposicoes/2426959
1,2026-04-15,2026-04-15T20:58:07,"Aprovado o requerimento nº 2111/2026,do Sr. Capitão Augusto, que solicita urgência (art. 155) para o PL 241/2023.",2354132-22,null,PLEN,https://dadosabertos.camara.leg.br/api/v2/votacoes/2354132-22,null,https://dadosabertos.camara.leg.br/api/v2/orgaos/180,null
1,2026-04-15,2026-04-15T20:58:05,Aprovado o Requerimento de Urgência (Art. 155 do RICD).,2616803-6,REQ 2111/2026,PLEN,https://dadosabertos.camara.leg.br/api/v2/votacoes/2616803-6,https://dadosabertos.camara.leg.br/api/v2/eventos/81658,https://dadosabertos.camara.leg.br/api/v2/orgaos/180,https://dadosabertos.camara.leg.br/api/v2/proposicoes/2616803
1,2026-04-15,2026-04-15T20:57:17,"Realizar o encaminhamento do PL-192/2026 à CPASF (tramitação simultânea), em razão da aprovação de requerimento de urgência.",2600470-18,null,CCP,https://dadosabertos.camara.leg.br/api/v2/votacoes/2600470-18,null,https://dadosabertos.camara.leg.br/api/v2/orgaos/186,null
1,2026-04-15,2026-04-15T20:57:17,"Realizar o encaminhamento do PL-192/2026 à CCJC (tramitação simultânea), em razão da aprovação de requerimento de urgência.",2600470-17,null,CCP,https://dadosabertos.camara.leg.br/api/v2/votacoes/2600470-17,null,https://dadosabertos.camara.leg.br/api/v2/orgaos/186,null
1,2026-04-15,2026-04-15T20:57:17,"Aprovado, por unanimidade, o Requerimento de Urgência (Art. 155 do RICD).",2616726-7,REQ 2109/2026,PLEN,https://dadosabertos.camara.leg.br/api/v2/votacoes/2616726-7,https://dadosabertos.camara.leg.br/api/v2/eventos/81658,https://dadosabertos.camara.leg.br/api/v2/orgaos/180,https://dadosabertos.camara.leg.br/api/v2/proposicoes/2616726
1,2026-04-15,2026-04-15T20:53:16,"Realizar o encaminhamento do PL-4689/2025 à CCJC (tramitação simultânea), em razão da aprovação de requerimento de urgência.",2562764-22,null,CCP,https://dadosabertos.camara.leg.br/api/v2/votacoes/2562764-22,null,https://dadosabertos.camara.leg.br/api/v2/orgaos/186,null
1,2026-04-15,2026-04-15T20:53:15,"Aprovado, por unanimidade, o Requerimento de Urgência (Art. 155 do RICD).",2616456-6,REQ 2097/2026,PLEN,https://dadosabertos.camara.leg.br/api/v2/votacoes/2616456-6,https://dadosabertos.camara.leg.br/api/v2/eventos/81658,https://dadosabertos.camara.leg.br/api/v2/orgaos/180,https://dadosabertos.camara.leg.br/api/v2/proposicoes/2616456
1,2026-04-15,2026-04-15T20:52:34,"Realizar o encaminhamento do PL-3128/2024 à CCJC (tramitação simultânea), em razão da aprovação de requerimento de urgência.",2452130-30,null,CCP,https://dadosabertos.camara.leg.br/api/v2/votacoes/2452130-30,null,https://dadosabertos.camara.leg.br/api/v2/orgaos/186,null
1,2026-04-15,2026-04-15T20:52:33,Aprovado o Requerimento de Urgência (Art. 155 do RICD).,2614393-6,REQ 1966/2026,PLEN,https://dadosabertos.camara.leg.br/api/v2/votacoes/2614393-6,https://dadosabertos.camara.leg.br/api/v2/eventos/81658,https://dadosabertos.camara.leg.br/api/v2/orgaos/180,https://dadosabertos.camara.leg.br/api/v2/proposicoes/2614393
1,2026-04-15,2026-04-15T20:48:59,"Realizar o encaminhamento do PL-4788/2025 à CCJC (tramitação simultânea), em razão da aprovação de requerimento de urgência.",2565094-21,null,CCP,https://dadosabertos.camara.leg.br/api/v2/votacoes/2565094-21,null,https://dadosabertos.camara.leg.br/api/v2/orgaos/186,null
1,2026-04-15,2026-04-15T20:48:58,"Aprovado, por unanimidade, o Requerimento de Urgência (Art. 155 do RICD).",2613522-8,REQ 1886/2026,PLEN,https://dadosabertos.camara.leg.br/api/v2/votacoes/2613522-8,https://dadosabertos.camara.leg.br/api/v2/eventos/81658,https://dadosabertos.camara.leg.br/api/v2/orgaos/180,https://dadosabertos.camara.leg.br/api/v2/proposicoes/2613522
1,2026-04-15,2026-04-15T20:41:21,"Aprovado, por unanimidade, o Requerimento de Urgência (Art. 155 do RICD).",2610603-7,REQ 1494/2026,PLEN,https://dadosabertos.camara.leg.br/api/v2/votacoes/2610603-7,https://dadosabertos.camara.leg.br/api/v2/eventos/81658,https://dadosabertos.camara.leg.br/api/v2/orgaos/180,https://dadosabertos.camara.leg.br/api/v2/proposicoes/2610603
1,2026-04-15,2026-04-15T20:37:14,"Alteração do Regime de Tramitação desta proposição em virtude da alteração do regime do PL 1845/2025, por ter sido aprovado o REQ 1392/2026 que está apensado ao primeiro.",2607169-17,PL 968/2026,PLEN,https://dadosabertos.camara.leg.br/api/v2/votacoes/2607169-17,null,https://dadosabertos.camara.leg.br/api/v2/orgaos/180,https://dadosabertos.camara.leg.br/api/v2/proposicoes/2607169
1,2026-04-15,2026-04-15T20:37:14,"Aprovado o requerimento nº 1392/2026,do Sr. Carlos Jordy e outros, que solicita urgência (art. 155) para o PL 1845/2025.",2607169-16,PL 968/2026,PLEN,https://dadosabertos.camara.leg.br/api/v2/votacoes/2607169-16,null,https://dadosabertos.camara.leg.br/api/v2/orgaos/180,https://dadosabertos.camara.leg.br/api/v2/proposicoes/2607169
1,2026-04-15,2026-04-15T20:37:13,"Aprovado, por unanimidade, o Requerimento de Urgência (Art. 155 do RICD).",2608539-8,REQ 1392/2026,PLEN,https://dadosabertos.camara.leg.br/api/v2/votacoes/2608539-8,https://dadosabertos.camara.leg.br/api/v2/eventos/81658,https://dadosabertos.camara.leg.br/api/v2/orgaos/180,https://dadosabertos.camara.leg.br/api/v2/proposicoes/2608539
1,2026-04-15,2026-04-15T20:29:27,"Realizar o encaminhamento do PL-3373/2025 à CFT (tramitação simultânea), em razão da aprovação de requerimento de urgência.",2535597-18,null,CCP,https://dadosabertos.camara.leg.br/api/v2/votacoes/2535597-18,null,https://dadosabertos.camara.leg.br/api/v2/orgaos/186,null
1,2026-04-15,2026-04-15T20:29:27,"Realizar o encaminhamento do PL-3373/2025 à CCJC (tramitação simultânea), em razão da aprovação de requerimento de urgência.",2535597-17,null,CCP,https://dadosabertos.camara.leg.br/api/v2/votacoes/2535597-17,null,https://dadosabertos.camara.leg.br/api/v2/orgaos/186,null
1,2026-04-15,2026-04-15T20:29:26,"Aprovado, por unanimidade, o Requerimento de Urgência (Art. 155 do RICD).",2607669-7,REQ 1347/2026,PLEN,https://dadosabertos.camara.leg.br/api/v2/votacoes/2607669-7,https://dadosabertos.camara.leg.br/api/v2/eventos/81658,https://dadosabertos.camara.leg.br/api/v2/orgaos/180,https://dadosabertos.camara.leg.br/api/v2/proposicoes/2607669
1,2026-04-15,2026-04-15T20:28:40,"Alteração do Regime de Tramitação desta proposição em virtude da alteração do regime do PL 5744/2023, por ter sido aprovado o REQ 456/2026 que está apensado ao primeiro.",2418306-22,PL 347/2024,PLEN,https://dadosabertos.camara.leg.br/api/v2/votacoes/2418306-22,null,https://dadosabertos.camara.leg.br/api/v2/orgaos/180,https://dadosabertos.camara.leg.br/api/v2/proposicoes/2418306
